date,series_id,category,store_id,state_id,forecast_units,forecast_revenue,forecast_freight,avg_price
2018-08-30,auto::MG,auto,MG,MG,2.19,217.24,39.16,99.0
2018-08-31,auto::MG,auto,MG,MG,2.12,209.9,37.84,99.0
2018-09-01,auto::MG,auto,MG,MG,1.79,177.26,31.95,99.0
2018-09-02,auto::MG,auto,MG,MG,1.84,182.46,32.89,99.0
2018-09-03,auto::MG,auto,MG,MG,2.73,269.9,48.65,99.0
2018-09-04,auto::MG,auto,MG,MG,2.72,269.04,48.5,99.0
2018-09-05,auto::MG,auto,MG,MG,2.54,251.86,45.4,99.0
2018-09-06,auto::MG,auto,MG,MG,2.56,253.75,45.74,99.0
2018-09-07,auto::MG,auto,MG,MG,2.63,260.58,46.98,99.0
2018-09-08,auto::MG,auto,MG,MG,1.86,183.9,33.15,99.0
2018-09-09,auto::MG,auto,MG,MG,1.89,186.84,33.68,99.0
2018-09-10,auto::MG,auto,MG,MG,2.97,293.68,52.94,99.0
2018-09-11,auto::MG,auto,MG,MG,2.97,293.68,52.94,99.0
2018-09-12,auto::MG,auto,MG,MG,2.79,275.84,49.73,99.0
2018-09-13,auto::MG,auto,MG,MG,2.72,269.13,48.52,99.0
2018-09-14,auto::MG,auto,MG,MG,2.6,257.28,46.38,99.0
2018-09-15,auto::MG,auto,MG,MG,1.9,187.72,33.84,99.0
2018-09-16,auto::MG,auto,MG,MG,1.91,188.96,34.06,99.0
2018-09-17,auto::MG,auto,MG,MG,3.15,312.19,56.28,99.0
2018-09-18,auto::MG,auto,MG,MG,3.15,312.19,56.28,99.0
2018-09-19,auto::MG,auto,MG,MG,3.09,305.74,55.11,99.0
2018-09-20,auto::MG,auto,MG,MG,3.21,318.01,57.33,99.0
2018-09-21,auto::MG,auto,MG,MG,3.07,303.92,54.79,99.0
2018-09-22,auto::MG,auto,MG,MG,2.43,240.58,43.37,99.0
2018-09-23,auto::MG,auto,MG,MG,2.7,267.09,48.15,99.0
2018-09-24,auto::MG,auto,MG,MG,4.42,437.58,78.88,99.0
2018-09-25,auto::MG,auto,MG,MG,4.6,454.92,82.01,99.0
2018-09-26,auto::MG,auto,MG,MG,4.37,432.77,78.02,99.0
2018-08-30,auto::RJ,auto,RJ,RJ,1.59,118.41,18.04,74.57
2018-08-31,auto::RJ,auto,RJ,RJ,1.58,117.93,17.96,74.57
2018-09-01,auto::RJ,auto,RJ,RJ,1.46,108.73,16.56,74.57
2018-09-02,auto::RJ,auto,RJ,RJ,1.52,113.65,17.31,74.57
2018-09-03,auto::RJ,auto,RJ,RJ,2.03,151.2,23.03,74.57
2018-09-04,auto::RJ,auto,RJ,RJ,2.2,163.78,24.95,74.57
2018-09-05,auto::RJ,auto,RJ,RJ,2.16,161.23,24.56,74.57
2018-09-06,auto::RJ,auto,RJ,RJ,1.86,138.87,21.15,74.57
2018-09-07,auto::RJ,auto,RJ,RJ,1.65,122.92,18.72,74.57
2018-09-08,auto::RJ,auto,RJ,RJ,1.48,110.44,16.82,74.57
2018-09-09,auto::RJ,auto,RJ,RJ,1.47,109.57,16.69,74.57
2018-09-10,auto::RJ,auto,RJ,RJ,2.04,152.08,23.17,74.57
2018-09-11,auto::RJ,auto,RJ,RJ,1.99,148.53,22.62,74.57
2018-09-12,auto::RJ,auto,RJ,RJ,1.85,137.93,21.01,74.57
2018-09-13,auto::RJ,auto,RJ,RJ,1.82,135.82,20.69,74.57
2018-09-14,auto::RJ,auto,RJ,RJ,1.6,119.25,18.16,74.57
2018-09-15,auto::RJ,auto,RJ,RJ,1.31,97.64,14.87,74.57
2018-09-16,auto::RJ,auto,RJ,RJ,1.33,99.33,15.13,74.57
2018-09-17,auto::RJ,auto,RJ,RJ,1.84,137.4,20.93,74.57
2018-09-18,auto::RJ,auto,RJ,RJ,1.84,137.4,20.93,74.57
2018-09-19,auto::RJ,auto,RJ,RJ,1.7,126.8,19.32,74.57
2018-09-20,auto::RJ,auto,RJ,RJ,1.69,125.97,19.19,74.57
2018-09-21,auto::RJ,auto,RJ,RJ,1.74,130.08,19.81,74.57
2018-09-22,auto::RJ,auto,RJ,RJ,1.47,109.82,16.73,74.57
2018-09-23,auto::RJ,auto,RJ,RJ,1.48,110.23,16.79,74.57
2018-09-24,auto::RJ,auto,RJ,RJ,1.96,145.91,22.23,74.57
2018-09-25,auto::RJ,auto,RJ,RJ,1.96,145.91,22.23,74.57
2018-09-26,auto::RJ,auto,RJ,RJ,2.29,170.69,26.0,74.57
2018-08-30,auto::SP,auto,SP,SP,7.13,789.22,109.53,110.73
2018-08-31,auto::SP,auto,SP,SP,7.08,783.69,108.76,110.73
2018-09-01,auto::SP,auto,SP,SP,5.29,586.14,81.34,110.73
2018-09-02,auto::SP,auto,SP,SP,6.32,699.74,97.11,110.73
2018-09-03,auto::SP,auto,SP,SP,9.1,1008.09,139.9,110.73
2018-09-04,auto::SP,auto,SP,SP,9.3,1029.98,142.94,110.73
2018-09-05,auto::SP,auto,SP,SP,9.56,1059.15,146.99,110.73
2018-09-06,auto::SP,auto,SP,SP,9.84,1090.15,151.29,110.73
2018-09-07,auto::SP,auto,SP,SP,7.77,860.25,119.38,110.73
2018-09-08,auto::SP,auto,SP,SP,6.5,719.61,99.87,110.73
2018-09-09,auto::SP,auto,SP,SP,6.54,723.82,100.45,110.73
2018-09-10,auto::SP,auto,SP,SP,11.62,1286.31,178.51,110.73
2018-09-11,auto::SP,auto,SP,SP,11.64,1288.45,178.81,110.73
2018-09-12,auto::SP,auto,SP,SP,11.77,1302.95,180.82,110.73
2018-09-13,auto::SP,auto,SP,SP,12.55,1389.26,192.8,110.73
2018-09-14,auto::SP,auto,SP,SP,9.16,1014.69,140.82,110.73
2018-09-15,auto::SP,auto,SP,SP,7.73,856.12,118.81,110.73
2018-09-16,auto::SP,auto,SP,SP,8.29,917.66,127.35,110.73
2018-09-17,auto::SP,auto,SP,SP,14.13,1564.57,217.13,110.73
2018-09-18,auto::SP,auto,SP,SP,14.29,1582.24,219.58,110.73
2018-09-19,auto::SP,auto,SP,SP,15.19,1682.24,233.46,110.73
2018-09-20,auto::SP,auto,SP,SP,15.11,1673.62,232.26,110.73
2018-09-21,auto::SP,auto,SP,SP,10.1,1118.57,155.23,110.73
2018-09-22,auto::SP,auto,SP,SP,8.45,935.26,129.79,110.73
2018-09-23,auto::SP,auto,SP,SP,9.69,1073.18,148.93,110.73
2018-09-24,auto::SP,auto,SP,SP,15.77,1746.29,242.35,110.73
2018-09-25,auto::SP,auto,SP,SP,16.09,1781.56,247.24,110.73
2018-09-26,auto::SP,auto,SP,SP,15.4,1704.77,236.59,110.73
2018-08-30,baby::MG,baby,MG,MG,1.02,81.36,24.7,79.9
2018-08-31,baby::MG,baby,MG,MG,1.0,79.65,24.18,79.9
2018-09-01,baby::MG,baby,MG,MG,0.81,65.09,19.76,79.9
2018-09-02,baby::MG,baby,MG,MG,0.86,68.62,20.83,79.9
2018-09-03,baby::MG,baby,MG,MG,0.93,74.22,22.53,79.9
2018-09-04,baby::MG,baby,MG,MG,0.95,75.78,23.01,79.9
2018-09-05,baby::MG,baby,MG,MG,0.92,73.46,22.3,79.9
2018-09-06,baby::MG,baby,MG,MG,0.88,70.46,21.39,79.9
2018-09-07,baby::MG,baby,MG,MG,0.86,68.53,20.81,79.9
2018-09-08,baby::MG,baby,MG,MG,0.73,58.71,17.83,79.9
2018-09-09,baby::MG,baby,MG,MG,0.74,59.15,17.96,79.9
2018-09-10,baby::MG,baby,MG,MG,0.95,76.15,23.12,79.9
2018-09-11,baby::MG,baby,MG,MG,0.94,74.78,22.7,79.9
2018-09-12,baby::MG,baby,MG,MG,0.9,72.09,21.89,79.9
2018-09-13,baby::MG,baby,MG,MG,0.93,74.08,22.49,79.9
2018-09-14,baby::MG,baby,MG,MG,0.9,72.15,21.9,79.9
2018-09-15,baby::MG,baby,MG,MG,0.74,59.06,17.93,79.9
2018-09-16,baby::MG,baby,MG,MG,0.76,61.01,18.52,79.9
2018-09-17,baby::MG,baby,MG,MG,1.0,79.77,24.22,79.9
2018-09-18,baby::MG,baby,MG,MG,0.96,76.88,23.34,79.9
2018-09-19,baby::MG,baby,MG,MG,0.94,74.97,22.76,79.9
2018-09-20,baby::MG,baby,MG,MG,0.93,74.08,22.49,79.9
2018-09-21,baby::MG,baby,MG,MG,0.89,70.78,21.49,79.9
2018-09-22,baby::MG,baby,MG,MG,0.76,60.57,18.39,79.9
2018-09-23,baby::MG,baby,MG,MG,0.82,65.62,19.92,79.9
2018-09-24,baby::MG,baby,MG,MG,1.02,81.63,24.78,79.9
2018-09-25,baby::MG,baby,MG,MG,1.14,91.1,27.66,79.9
2018-09-26,baby::MG,baby,MG,MG,1.09,87.12,26.45,79.9
2018-08-30,baby::RJ,baby,RJ,RJ,0.88,85.43,22.21,97.45
2018-08-31,baby::RJ,baby,RJ,RJ,0.98,95.68,24.88,97.45
2018-09-01,baby::RJ,baby,RJ,RJ,0.83,81.06,21.07,97.45
2018-09-02,baby::RJ,baby,RJ,RJ,0.78,76.44,19.87,97.45
2018-09-03,baby::RJ,baby,RJ,RJ,0.95,92.79,24.12,97.45
2018-09-04,baby::RJ,baby,RJ,RJ,1.01,98.41,25.59,97.45
2018-09-05,baby::RJ,baby,RJ,RJ,0.95,92.37,24.02,97.45
2018-09-06,baby::RJ,baby,RJ,RJ,0.97,94.29,24.51,97.45
2018-09-07,baby::RJ,baby,RJ,RJ,0.9,87.99,22.88,97.45
2018-09-08,baby::RJ,baby,RJ,RJ,0.76,73.87,19.21,97.45
2018-09-09,baby::RJ,baby,RJ,RJ,0.82,80.03,20.81,97.45
2018-09-10,baby::RJ,baby,RJ,RJ,1.02,99.39,25.84,97.45
2018-09-11,baby::RJ,baby,RJ,RJ,1.02,99.39,25.84,97.45
2018-09-12,baby::RJ,baby,RJ,RJ,0.92,89.59,23.29,97.45
2018-09-13,baby::RJ,baby,RJ,RJ,0.91,88.49,23.01,97.45
2018-09-14,baby::RJ,baby,RJ,RJ,0.86,83.58,21.73,97.45
2018-09-15,baby::RJ,baby,RJ,RJ,0.75,73.28,19.05,97.45
2018-09-16,baby::RJ,baby,RJ,RJ,0.76,73.82,19.19,97.45
2018-09-17,baby::RJ,baby,RJ,RJ,0.97,94.98,24.69,97.45
2018-09-18,baby::RJ,baby,RJ,RJ,0.96,93.3,24.26,97.45
2018-09-19,baby::RJ,baby,RJ,RJ,0.9,87.92,22.86,97.45
2018-09-20,baby::RJ,baby,RJ,RJ,0.89,86.82,22.57,97.45
2018-09-21,baby::RJ,baby,RJ,RJ,0.89,86.32,22.44,97.45
2018-09-22,baby::RJ,baby,RJ,RJ,0.76,73.87,19.21,97.45
2018-09-23,baby::RJ,baby,RJ,RJ,0.8,78.36,20.37,97.45
2018-09-24,baby::RJ,baby,RJ,RJ,1.18,114.88,29.87,97.45
2018-09-25,baby::RJ,baby,RJ,RJ,1.16,113.21,29.43,97.45
2018-09-26,baby::RJ,baby,RJ,RJ,1.14,111.0,28.86,97.45
2018-08-30,baby::SP,baby,SP,SP,3.86,323.45,46.25,83.9
2018-08-31,baby::SP,baby,SP,SP,3.73,313.04,44.76,83.9
2018-09-01,baby::SP,baby,SP,SP,2.85,239.46,34.24,83.9
2018-09-02,baby::SP,baby,SP,SP,3.02,253.43,36.24,83.9
2018-09-03,baby::SP,baby,SP,SP,4.7,394.42,56.4,83.9
2018-09-04,baby::SP,baby,SP,SP,4.87,408.91,58.47,83.9
2018-09-05,baby::SP,baby,SP,SP,5.12,429.97,61.48,83.9
2018-09-06,baby::SP,baby,SP,SP,4.69,393.08,56.21,83.9
2018-09-07,baby::SP,baby,SP,SP,4.59,385.38,55.11,83.9
2018-09-08,baby::SP,baby,SP,SP,3.98,333.86,47.74,83.9
2018-09-09,baby::SP,baby,SP,SP,4.34,364.0,52.05,83.9
2018-09-10,baby::SP,baby,SP,SP,6.12,513.58,73.44,83.9
2018-09-11,baby::SP,baby,SP,SP,6.31,529.31,75.69,83.9
2018-09-12,baby::SP,baby,SP,SP,6.1,511.98,73.21,83.9
2018-09-13,baby::SP,baby,SP,SP,5.56,466.68,66.73,83.9
2018-09-14,baby::SP,baby,SP,SP,5.85,490.84,70.18,83.9
2018-09-15,baby::SP,baby,SP,SP,5.38,451.18,64.51,83.9
2018-09-16,baby::SP,baby,SP,SP,5.62,471.13,67.37,83.9
2018-09-17,baby::SP,baby,SP,SP,8.09,678.71,97.05,83.9
2018-09-18,baby::SP,baby,SP,SP,8.57,719.26,102.85,83.9
2018-09-19,baby::SP,baby,SP,SP,8.43,707.0,101.09,83.9
2018-09-20,baby::SP,baby,SP,SP,8.28,694.29,99.28,83.9
2018-09-21,baby::SP,baby,SP,SP,6.74,565.12,80.81,83.9
2018-09-22,baby::SP,baby,SP,SP,6.37,534.51,76.43,83.9
2018-09-23,baby::SP,baby,SP,SP,6.21,520.61,74.44,83.9
2018-09-24,baby::SP,baby,SP,SP,8.87,744.6,106.47,83.9
2018-09-25,baby::SP,baby,SP,SP,10.28,862.22,123.29,83.9
2018-09-26,baby::SP,baby,SP,SP,9.59,804.91,115.09,83.9
2018-08-30,bed_bath_table::MG,bed_bath_table,MG,MG,2.8,258.14,66.26,92.04
2018-08-31,bed_bath_table::MG,bed_bath_table,MG,MG,2.94,270.66,69.48,92.04
2018-09-01,bed_bath_table::MG,bed_bath_table,MG,MG,2.49,229.29,58.86,92.04
2018-09-02,bed_bath_table::MG,bed_bath_table,MG,MG,2.16,199.09,51.11,92.04
2018-09-03,bed_bath_table::MG,bed_bath_table,MG,MG,3.37,310.17,79.62,92.04
2018-09-04,bed_bath_table::MG,bed_bath_table,MG,MG,3.93,361.83,92.88,92.04
2018-09-05,bed_bath_table::MG,bed_bath_table,MG,MG,3.29,303.23,77.84,92.04
2018-09-06,bed_bath_table::MG,bed_bath_table,MG,MG,3.57,328.7,84.38,92.04
2018-09-07,bed_bath_table::MG,bed_bath_table,MG,MG,3.4,313.11,80.38,92.04
2018-09-08,bed_bath_table::MG,bed_bath_table,MG,MG,2.74,252.51,64.82,92.04
2018-09-09,bed_bath_table::MG,bed_bath_table,MG,MG,2.77,255.25,65.52,92.04
2018-09-10,bed_bath_table::MG,bed_bath_table,MG,MG,4.11,378.69,97.21,92.04
2018-09-11,bed_bath_table::MG,bed_bath_table,MG,MG,4.0,367.69,94.38,92.04
2018-09-12,bed_bath_table::MG,bed_bath_table,MG,MG,3.81,351.05,90.12,92.04
2018-09-13,bed_bath_table::MG,bed_bath_table,MG,MG,4.21,387.18,99.39,92.04
2018-09-14,bed_bath_table::MG,bed_bath_table,MG,MG,4.15,381.98,98.05,92.04
2018-09-15,bed_bath_table::MG,bed_bath_table,MG,MG,3.53,324.55,83.31,92.04
2018-09-16,bed_bath_table::MG,bed_bath_table,MG,MG,3.56,327.28,84.01,92.04
2018-09-17,bed_bath_table::MG,bed_bath_table,MG,MG,4.78,439.81,112.9,92.04
2018-09-18,bed_bath_table::MG,bed_bath_table,MG,MG,5.27,485.08,124.52,92.04
2018-09-19,bed_bath_table::MG,bed_bath_table,MG,MG,4.95,455.47,116.92,92.04
2018-09-20,bed_bath_table::MG,bed_bath_table,MG,MG,4.57,420.22,107.87,92.04
2018-09-21,bed_bath_table::MG,bed_bath_table,MG,MG,4.69,431.57,110.78,92.04
2018-09-22,bed_bath_table::MG,bed_bath_table,MG,MG,4.06,373.76,95.94,92.04
2018-09-23,bed_bath_table::MG,bed_bath_table,MG,MG,4.19,386.05,99.1,92.04
2018-09-24,bed_bath_table::MG,bed_bath_table,MG,MG,5.66,521.13,133.77,92.04
2018-09-25,bed_bath_table::MG,bed_bath_table,MG,MG,6.3,579.73,148.82,92.04
2018-09-26,bed_bath_table::MG,bed_bath_table,MG,MG,6.41,589.91,151.43,92.04
2018-08-30,bed_bath_table::PR,bed_bath_table,PR,PR,0.89,71.27,18.31,80.0
2018-08-31,bed_bath_table::PR,bed_bath_table,PR,PR,0.87,69.87,17.95,80.0
2018-09-01,bed_bath_table::PR,bed_bath_table,PR,PR,0.83,66.61,17.11,80.0
2018-09-02,bed_bath_table::PR,bed_bath_table,PR,PR,0.89,71.23,18.3,80.0
2018-09-03,bed_bath_table::PR,bed_bath_table,PR,PR,1.16,93.18,23.94,80.0
2018-09-04,bed_bath_table::PR,bed_bath_table,PR,PR,1.23,98.22,25.23,80.0
2018-09-05,bed_bath_table::PR,bed_bath_table,PR,PR,1.11,88.6,22.76,80.0
2018-09-06,bed_bath_table::PR,bed_bath_table,PR,PR,1.02,81.3,20.88,80.0
2018-09-07,bed_bath_table::PR,bed_bath_table,PR,PR,0.99,79.37,20.39,80.0
2018-09-08,bed_bath_table::PR,bed_bath_table,PR,PR,0.82,65.91,16.93,80.0
2018-09-09,bed_bath_table::PR,bed_bath_table,PR,PR,0.79,63.47,16.3,80.0
2018-09-10,bed_bath_table::PR,bed_bath_table,PR,PR,1.06,85.09,21.86,80.0
2018-09-11,bed_bath_table::PR,bed_bath_table,PR,PR,1.05,83.71,21.5,80.0
2018-09-12,bed_bath_table::PR,bed_bath_table,PR,PR,0.99,78.96,20.28,80.0
2018-09-13,bed_bath_table::PR,bed_bath_table,PR,PR,0.98,78.06,20.05,80.0
2018-09-14,bed_bath_table::PR,bed_bath_table,PR,PR,0.92,73.24,18.81,80.0
2018-09-15,bed_bath_table::PR,bed_bath_table,PR,PR,0.81,64.54,16.58,80.0
2018-09-16,bed_bath_table::PR,bed_bath_table,PR,PR,0.83,66.36,17.05,80.0
2018-09-17,bed_bath_table::PR,bed_bath_table,PR,PR,1.06,85.09,21.86,80.0
2018-09-18,bed_bath_table::PR,bed_bath_table,PR,PR,1.05,83.71,21.5,80.0
2018-09-19,bed_bath_table::PR,bed_bath_table,PR,PR,0.99,78.96,20.28,80.0
2018-09-20,bed_bath_table::PR,bed_bath_table,PR,PR,0.96,76.69,19.7,80.0
2018-09-21,bed_bath_table::PR,bed_bath_table,PR,PR,0.93,74.76,19.2,80.0
2018-09-22,bed_bath_table::PR,bed_bath_table,PR,PR,0.85,67.78,17.41,80.0
2018-09-23,bed_bath_table::PR,bed_bath_table,PR,PR,0.93,74.18,19.05,80.0
2018-09-24,bed_bath_table::PR,bed_bath_table,PR,PR,1.21,96.43,24.77,80.0
2018-09-25,bed_bath_table::PR,bed_bath_table,PR,PR,1.21,96.43,24.77,80.0
2018-09-26,bed_bath_table::PR,bed_bath_table,PR,PR,1.16,92.56,23.78,80.0
2018-08-30,bed_bath_table::RJ,bed_bath_table,RJ,RJ,2.94,224.05,69.81,76.33
2018-08-31,bed_bath_table::RJ,bed_bath_table,RJ,RJ,2.94,224.47,69.94,76.33
2018-09-01,bed_bath_table::RJ,bed_bath_table,RJ,RJ,2.67,203.82,63.51,76.33
2018-09-02,bed_bath_table::RJ,bed_bath_table,RJ,RJ,2.87,219.1,68.27,76.33
2018-09-03,bed_bath_table::RJ,bed_bath_table,RJ,RJ,3.9,297.85,92.8,76.33
2018-09-04,bed_bath_table::RJ,bed_bath_table,RJ,RJ,4.53,346.09,107.83,76.33
2018-09-05,bed_bath_table::RJ,bed_bath_table,RJ,RJ,4.59,350.28,109.14,76.33
2018-09-06,bed_bath_table::RJ,bed_bath_table,RJ,RJ,4.32,330.13,102.86,76.33
2018-09-07,bed_bath_table::RJ,bed_bath_table,RJ,RJ,4.21,321.64,100.21,76.33
2018-09-08,bed_bath_table::RJ,bed_bath_table,RJ,RJ,3.6,274.93,85.66,76.33
2018-09-09,bed_bath_table::RJ,bed_bath_table,RJ,RJ,3.87,295.08,91.94,76.33
2018-09-10,bed_bath_table::RJ,bed_bath_table,RJ,RJ,5.25,400.66,124.84,76.33
2018-09-11,bed_bath_table::RJ,bed_bath_table,RJ,RJ,5.23,398.99,124.32,76.33
2018-09-12,bed_bath_table::RJ,bed_bath_table,RJ,RJ,5.08,387.81,120.83,76.33
2018-09-13,bed_bath_table::RJ,bed_bath_table,RJ,RJ,4.84,369.56,115.15,76.33
2018-09-14,bed_bath_table::RJ,bed_bath_table,RJ,RJ,4.55,347.51,108.28,76.33
2018-09-15,bed_bath_table::RJ,bed_bath_table,RJ,RJ,4.12,314.51,97.99,76.33
2018-09-16,bed_bath_table::RJ,bed_bath_table,RJ,RJ,4.39,335.19,104.44,76.33
2018-09-17,bed_bath_table::RJ,bed_bath_table,RJ,RJ,5.6,427.25,133.12,76.33
2018-09-18,bed_bath_table::RJ,bed_bath_table,RJ,RJ,5.56,424.13,132.15,76.33
2018-09-19,bed_bath_table::RJ,bed_bath_table,RJ,RJ,5.38,410.35,127.85,76.33
2018-09-20,bed_bath_table::RJ,bed_bath_table,RJ,RJ,4.88,372.73,116.13,76.33
2018-09-21,bed_bath_table::RJ,bed_bath_table,RJ,RJ,4.64,354.44,110.44,76.33
2018-09-22,bed_bath_table::RJ,bed_bath_table,RJ,RJ,5.01,382.21,119.09,76.33
2018-09-23,bed_bath_table::RJ,bed_bath_table,RJ,RJ,5.09,388.86,121.16,76.33
2018-09-24,bed_bath_table::RJ,bed_bath_table,RJ,RJ,6.88,525.24,163.65,76.33
2018-09-25,bed_bath_table::RJ,bed_bath_table,RJ,RJ,7.14,544.95,169.79,76.33
2018-09-26,bed_bath_table::RJ,bed_bath_table,RJ,RJ,7.28,555.66,173.13,76.33
2018-08-30,bed_bath_table::RS,bed_bath_table,RS,RS,0.87,79.81,18.22,91.42
2018-08-31,bed_bath_table::RS,bed_bath_table,RS,RS,0.84,76.63,17.49,91.42
2018-09-01,bed_bath_table::RS,bed_bath_table,RS,RS,0.83,76.04,17.36,91.42
2018-09-02,bed_bath_table::RS,bed_bath_table,RS,RS,0.84,76.55,17.47,91.42
2018-09-03,bed_bath_table::RS,bed_bath_table,RS,RS,0.93,84.66,19.33,91.42
2018-09-04,bed_bath_table::RS,bed_bath_table,RS,RS,0.95,87.05,19.87,91.42
2018-09-05,bed_bath_table::RS,bed_bath_table,RS,RS,0.95,86.66,19.78,91.42
2018-09-06,bed_bath_table::RS,bed_bath_table,RS,RS,0.97,88.46,20.19,91.42
2018-09-07,bed_bath_table::RS,bed_bath_table,RS,RS,0.93,84.68,19.33,91.42
2018-09-08,bed_bath_table::RS,bed_bath_table,RS,RS,0.89,81.38,18.58,91.42
2018-09-09,bed_bath_table::RS,bed_bath_table,RS,RS,0.78,71.38,16.29,91.42
2018-09-10,bed_bath_table::RS,bed_bath_table,RS,RS,0.98,89.94,20.53,91.42
2018-09-11,bed_bath_table::RS,bed_bath_table,RS,RS,1.02,93.24,21.28,91.42
2018-09-12,bed_bath_table::RS,bed_bath_table,RS,RS,0.99,90.23,20.6,91.42
2018-09-13,bed_bath_table::RS,bed_bath_table,RS,RS,0.98,89.21,20.36,91.42
2018-09-14,bed_bath_table::RS,bed_bath_table,RS,RS,0.91,82.86,18.92,91.42
2018-09-15,bed_bath_table::RS,bed_bath_table,RS,RS,0.8,73.2,16.71,91.42
2018-09-16,bed_bath_table::RS,bed_bath_table,RS,RS,0.74,67.68,15.45,91.42
2018-09-17,bed_bath_table::RS,bed_bath_table,RS,RS,0.96,87.53,19.98,91.42
2018-09-18,bed_bath_table::RS,bed_bath_table,RS,RS,0.96,87.53,19.98,91.42
2018-09-19,bed_bath_table::RS,bed_bath_table,RS,RS,0.88,80.07,18.28,91.42
2018-09-20,bed_bath_table::RS,bed_bath_table,RS,RS,0.86,79.05,18.04,91.42
2018-09-21,bed_bath_table::RS,bed_bath_table,RS,RS,0.87,79.24,18.09,91.42
2018-09-22,bed_bath_table::RS,bed_bath_table,RS,RS,0.76,69.3,15.82,91.42
2018-09-23,bed_bath_table::RS,bed_bath_table,RS,RS,0.76,69.81,15.94,91.42
2018-09-24,bed_bath_table::RS,bed_bath_table,RS,RS,1.04,95.37,21.77,91.42
2018-09-25,bed_bath_table::RS,bed_bath_table,RS,RS,1.16,106.2,24.24,91.42
2018-09-26,bed_bath_table::RS,bed_bath_table,RS,RS,1.09,99.68,22.75,91.42
2018-08-30,bed_bath_table::SC,bed_bath_table,SC,SC,0.72,48.8,10.66,67.99
2018-08-31,bed_bath_table::SC,bed_bath_table,SC,SC,0.71,48.34,10.56,67.99
2018-09-01,bed_bath_table::SC,bed_bath_table,SC,SC,0.62,42.43,9.27,67.99
2018-09-02,bed_bath_table::SC,bed_bath_table,SC,SC,0.72,49.12,10.73,67.99
2018-09-03,bed_bath_table::SC,bed_bath_table,SC,SC,0.92,62.74,13.71,67.99
2018-09-04,bed_bath_table::SC,bed_bath_table,SC,SC,0.92,62.61,13.68,67.99
2018-09-05,bed_bath_table::SC,bed_bath_table,SC,SC,0.84,57.45,12.55,67.99
2018-09-06,bed_bath_table::SC,bed_bath_table,SC,SC,0.85,57.86,12.64,67.99
2018-09-07,bed_bath_table::SC,bed_bath_table,SC,SC,0.86,58.32,12.74,67.99
2018-09-08,bed_bath_table::SC,bed_bath_table,SC,SC,0.73,49.96,10.92,67.99
2018-09-09,bed_bath_table::SC,bed_bath_table,SC,SC,0.76,51.51,11.25,67.99
2018-09-10,bed_bath_table::SC,bed_bath_table,SC,SC,0.97,66.04,14.43,67.99
2018-09-11,bed_bath_table::SC,bed_bath_table,SC,SC,0.95,64.87,14.18,67.99
2018-09-12,bed_bath_table::SC,bed_bath_table,SC,SC,0.89,60.72,13.27,67.99
2018-09-13,bed_bath_table::SC,bed_bath_table,SC,SC,0.83,56.59,12.37,67.99
2018-09-14,bed_bath_table::SC,bed_bath_table,SC,SC,0.83,56.12,12.26,67.99
2018-09-15,bed_bath_table::SC,bed_bath_table,SC,SC,0.75,51.13,11.17,67.99
2018-09-16,bed_bath_table::SC,bed_bath_table,SC,SC,0.73,49.46,10.81,67.99
2018-09-17,bed_bath_table::SC,bed_bath_table,SC,SC,0.92,62.67,13.69,67.99
2018-09-18,bed_bath_table::SC,bed_bath_table,SC,SC,0.94,63.84,13.95,67.99
2018-09-19,bed_bath_table::SC,bed_bath_table,SC,SC,0.84,57.35,12.53,67.99
2018-09-20,bed_bath_table::SC,bed_bath_table,SC,SC,0.83,56.59,12.37,67.99
2018-09-21,bed_bath_table::SC,bed_bath_table,SC,SC,0.81,54.95,12.01,67.99
2018-09-22,bed_bath_table::SC,bed_bath_table,SC,SC,0.73,49.58,10.83,67.99
2018-09-23,bed_bath_table::SC,bed_bath_table,SC,SC,0.74,50.25,10.98,67.99
2018-09-24,bed_bath_table::SC,bed_bath_table,SC,SC,1.0,67.95,14.85,67.99
2018-09-25,bed_bath_table::SC,bed_bath_table,SC,SC,1.0,67.95,14.85,67.99
2018-09-26,bed_bath_table::SC,bed_bath_table,SC,SC,0.96,65.39,14.29,67.99
2018-08-30,bed_bath_table::SP,bed_bath_table,SP,SP,11.34,914.14,171.55,80.61
2018-08-31,bed_bath_table::SP,bed_bath_table,SP,SP,10.68,860.96,161.57,80.61
2018-09-01,bed_bath_table::SP,bed_bath_table,SP,SP,9.74,785.52,147.42,80.61
2018-09-02,bed_bath_table::SP,bed_bath_table,SP,SP,9.14,737.07,138.32,80.61
2018-09-03,bed_bath_table::SP,bed_bath_table,SP,SP,12.99,1046.71,196.43,80.61
2018-09-04,bed_bath_table::SP,bed_bath_table,SP,SP,15.3,1233.1,231.41,80.61
2018-09-05,bed_bath_table::SP,bed_bath_table,SP,SP,15.4,1241.62,233.01,80.61
2018-09-06,bed_bath_table::SP,bed_bath_table,SP,SP,14.85,1197.2,224.67,80.61
2018-09-07,bed_bath_table::SP,bed_bath_table,SP,SP,9.69,781.21,146.61,80.61
2018-09-08,bed_bath_table::SP,bed_bath_table,SP,SP,8.56,690.08,129.5,80.61
2018-09-09,bed_bath_table::SP,bed_bath_table,SP,SP,9.42,759.28,142.49,80.61
2018-09-10,bed_bath_table::SP,bed_bath_table,SP,SP,16.03,1291.86,242.44,80.61
2018-09-11,bed_bath_table::SP,bed_bath_table,SP,SP,16.23,1308.33,245.53,80.61
2018-09-12,bed_bath_table::SP,bed_bath_table,SP,SP,16.41,1322.42,248.17,80.61
2018-09-13,bed_bath_table::SP,bed_bath_table,SP,SP,15.84,1276.83,239.62,80.61
2018-09-14,bed_bath_table::SP,bed_bath_table,SP,SP,11.46,923.57,173.32,80.61
2018-09-15,bed_bath_table::SP,bed_bath_table,SP,SP,8.86,713.81,133.96,80.61
2018-09-16,bed_bath_table::SP,bed_bath_table,SP,SP,10.14,817.68,153.45,80.61
2018-09-17,bed_bath_table::SP,bed_bath_table,SP,SP,16.99,1369.83,257.07,80.61
2018-09-18,bed_bath_table::SP,bed_bath_table,SP,SP,16.11,1298.64,243.71,80.61
2018-09-19,bed_bath_table::SP,bed_bath_table,SP,SP,16.37,1319.44,247.62,80.61
2018-09-20,bed_bath_table::SP,bed_bath_table,SP,SP,16.04,1292.71,242.6,80.61
2018-09-21,bed_bath_table::SP,bed_bath_table,SP,SP,11.82,952.84,178.82,80.61
2018-09-22,bed_bath_table::SP,bed_bath_table,SP,SP,9.64,776.88,145.79,80.61
2018-09-23,bed_bath_table::SP,bed_bath_table,SP,SP,10.43,840.37,157.71,80.61
2018-09-24,bed_bath_table::SP,bed_bath_table,SP,SP,16.36,1319.06,247.54,80.61
2018-09-25,bed_bath_table::SP,bed_bath_table,SP,SP,16.03,1292.3,242.52,80.61
2018-09-26,bed_bath_table::SP,bed_bath_table,SP,SP,15.45,1245.05,233.65,80.61
2018-08-30,computers_accessories::MG,computers_accessories,MG,MG,2.4,230.87,50.14,96.36
2018-08-31,computers_accessories::MG,computers_accessories,MG,MG,1.55,149.2,32.4,96.36
2018-09-01,computers_accessories::MG,computers_accessories,MG,MG,1.41,135.76,29.48,96.36
2018-09-02,computers_accessories::MG,computers_accessories,MG,MG,1.43,137.91,29.95,96.36
2018-09-03,computers_accessories::MG,computers_accessories,MG,MG,1.91,184.41,40.05,96.36
2018-09-04,computers_accessories::MG,computers_accessories,MG,MG,1.98,190.99,41.47,96.36
2018-09-05,computers_accessories::MG,computers_accessories,MG,MG,1.85,178.07,38.67,96.36
2018-09-06,computers_accessories::MG,computers_accessories,MG,MG,1.87,180.29,39.15,96.36
2018-09-07,computers_accessories::MG,computers_accessories,MG,MG,1.76,169.66,36.84,96.36
2018-09-08,computers_accessories::MG,computers_accessories,MG,MG,1.47,141.82,30.8,96.36
2018-09-09,computers_accessories::MG,computers_accessories,MG,MG,1.49,144.01,31.27,96.36
2018-09-10,computers_accessories::MG,computers_accessories,MG,MG,2.06,198.09,43.02,96.36
2018-09-11,computers_accessories::MG,computers_accessories,MG,MG,2.04,196.43,42.66,96.36
2018-09-12,computers_accessories::MG,computers_accessories,MG,MG,2.0,192.9,41.89,96.36
2018-09-13,computers_accessories::MG,computers_accessories,MG,MG,1.78,171.99,37.35,96.36
2018-09-14,computers_accessories::MG,computers_accessories,MG,MG,1.79,172.96,37.56,96.36
2018-09-15,computers_accessories::MG,computers_accessories,MG,MG,1.52,146.65,31.85,96.36
2018-09-16,computers_accessories::MG,computers_accessories,MG,MG,1.53,147.18,31.96,96.36
2018-09-17,computers_accessories::MG,computers_accessories,MG,MG,1.96,188.75,40.99,96.36
2018-09-18,computers_accessories::MG,computers_accessories,MG,MG,1.96,188.75,40.99,96.36
2018-09-19,computers_accessories::MG,computers_accessories,MG,MG,1.8,173.07,37.58,96.36
2018-09-20,computers_accessories::MG,computers_accessories,MG,MG,1.82,175.34,38.08,96.36
2018-09-21,computers_accessories::MG,computers_accessories,MG,MG,1.74,168.0,36.48,96.36
2018-09-22,computers_accessories::MG,computers_accessories,MG,MG,1.47,141.82,30.8,96.36
2018-09-23,computers_accessories::MG,computers_accessories,MG,MG,1.49,144.01,31.27,96.36
2018-09-24,computers_accessories::MG,computers_accessories,MG,MG,2.04,196.43,42.66,96.36
2018-09-25,computers_accessories::MG,computers_accessories,MG,MG,2.5,240.5,52.23,96.36
2018-09-26,computers_accessories::MG,computers_accessories,MG,MG,2.53,243.49,52.88,96.36
2018-08-30,computers_accessories::PR,computers_accessories,PR,PR,1.05,75.24,18.2,71.95
2018-08-31,computers_accessories::PR,computers_accessories,PR,PR,0.99,71.24,17.23,71.95
2018-09-01,computers_accessories::PR,computers_accessories,PR,PR,0.81,58.62,14.18,71.95
2018-09-02,computers_accessories::PR,computers_accessories,PR,PR,0.84,60.25,14.58,71.95
2018-09-03,computers_accessories::PR,computers_accessories,PR,PR,1.18,84.81,20.52,71.95
2018-09-04,computers_accessories::PR,computers_accessories,PR,PR,1.0,71.84,17.38,71.95
2018-09-05,computers_accessories::PR,computers_accessories,PR,PR,0.92,66.28,16.03,71.95
2018-09-06,computers_accessories::PR,computers_accessories,PR,PR,0.98,70.21,16.99,71.95
2018-09-07,computers_accessories::PR,computers_accessories,PR,PR,0.92,65.87,15.94,71.95
2018-09-08,computers_accessories::PR,computers_accessories,PR,PR,0.82,59.29,14.34,71.95
2018-09-09,computers_accessories::PR,computers_accessories,PR,PR,0.79,56.77,13.73,71.95
2018-09-10,computers_accessories::PR,computers_accessories,PR,PR,1.05,75.5,18.27,71.95
2018-09-11,computers_accessories::PR,computers_accessories,PR,PR,0.97,69.57,16.83,71.95
2018-09-12,computers_accessories::PR,computers_accessories,PR,PR,0.92,66.15,16.0,71.95
2018-09-13,computers_accessories::PR,computers_accessories,PR,PR,0.91,65.34,15.81,71.95
2018-09-14,computers_accessories::PR,computers_accessories,PR,PR,0.87,62.37,15.09,71.95
2018-09-15,computers_accessories::PR,computers_accessories,PR,PR,0.78,55.78,13.49,71.95
2018-09-16,computers_accessories::PR,computers_accessories,PR,PR,0.74,53.58,12.96,71.95
2018-09-17,computers_accessories::PR,computers_accessories,PR,PR,1.01,72.82,17.62,71.95
2018-09-18,computers_accessories::PR,computers_accessories,PR,PR,1.01,72.82,17.62,71.95
2018-09-19,computers_accessories::PR,computers_accessories,PR,PR,0.96,69.19,16.74,71.95
2018-09-20,computers_accessories::PR,computers_accessories,PR,PR,1.1,78.88,19.08,71.95
2018-09-21,computers_accessories::PR,computers_accessories,PR,PR,1.04,75.13,18.18,71.95
2018-09-22,computers_accessories::PR,computers_accessories,PR,PR,0.86,62.2,15.05,71.95
2018-09-23,computers_accessories::PR,computers_accessories,PR,PR,0.85,61.36,14.85,71.95
2018-09-24,computers_accessories::PR,computers_accessories,PR,PR,1.24,88.96,21.52,71.95
2018-09-25,computers_accessories::PR,computers_accessories,PR,PR,1.24,88.96,21.52,71.95
2018-09-26,computers_accessories::PR,computers_accessories,PR,PR,1.14,81.95,19.83,71.95
2018-08-30,computers_accessories::RJ,computers_accessories,RJ,RJ,2.33,204.62,46.21,87.81
2018-08-31,computers_accessories::RJ,computers_accessories,RJ,RJ,1.82,160.06,36.14,87.81
2018-09-01,computers_accessories::RJ,computers_accessories,RJ,RJ,1.56,136.95,30.93,87.81
2018-09-02,computers_accessories::RJ,computers_accessories,RJ,RJ,1.63,143.19,32.34,87.81
2018-09-03,computers_accessories::RJ,computers_accessories,RJ,RJ,2.28,200.5,45.28,87.81
2018-09-04,computers_accessories::RJ,computers_accessories,RJ,RJ,2.06,180.52,40.77,87.81
2018-09-05,computers_accessories::RJ,computers_accessories,RJ,RJ,1.83,160.77,36.31,87.81
2018-09-06,computers_accessories::RJ,computers_accessories,RJ,RJ,2.33,204.61,46.2,87.81
2018-09-07,computers_accessories::RJ,computers_accessories,RJ,RJ,2.26,198.04,44.72,87.81
2018-09-08,computers_accessories::RJ,computers_accessories,RJ,RJ,1.78,156.33,35.3,87.81
2018-09-09,computers_accessories::RJ,computers_accessories,RJ,RJ,1.89,165.73,37.43,87.81
2018-09-10,computers_accessories::RJ,computers_accessories,RJ,RJ,3.0,263.01,59.39,87.81
2018-09-11,computers_accessories::RJ,computers_accessories,RJ,RJ,3.0,263.01,59.39,87.81
2018-09-12,computers_accessories::RJ,computers_accessories,RJ,RJ,2.81,247.19,55.82,87.81
2018-09-13,computers_accessories::RJ,computers_accessories,RJ,RJ,2.73,240.15,54.23,87.81
2018-09-14,computers_accessories::RJ,computers_accessories,RJ,RJ,2.63,231.14,52.2,87.81
2018-09-15,computers_accessories::RJ,computers_accessories,RJ,RJ,1.76,154.15,34.81,87.81
2018-09-16,computers_accessories::RJ,computers_accessories,RJ,RJ,1.66,145.71,32.91,87.81
2018-09-17,computers_accessories::RJ,computers_accessories,RJ,RJ,2.25,197.46,44.59,87.81
2018-09-18,computers_accessories::RJ,computers_accessories,RJ,RJ,2.23,195.95,44.25,87.81
2018-09-19,computers_accessories::RJ,computers_accessories,RJ,RJ,2.6,228.1,51.51,87.81
2018-09-20,computers_accessories::RJ,computers_accessories,RJ,RJ,2.72,238.73,53.91,87.81
2018-09-21,computers_accessories::RJ,computers_accessories,RJ,RJ,2.73,240.04,54.21,87.81
2018-09-22,computers_accessories::RJ,computers_accessories,RJ,RJ,1.88,165.0,37.26,87.81
2018-09-23,computers_accessories::RJ,computers_accessories,RJ,RJ,1.93,169.12,38.19,87.81
2018-09-24,computers_accessories::RJ,computers_accessories,RJ,RJ,3.16,277.93,62.76,87.81
2018-09-25,computers_accessories::RJ,computers_accessories,RJ,RJ,3.62,318.02,71.81,87.81
2018-09-26,computers_accessories::RJ,computers_accessories,RJ,RJ,4.0,351.61,79.4,87.81
2018-08-30,computers_accessories::RS,computers_accessories,RS,RS,0.74,50.95,11.59,69.0
2018-08-31,computers_accessories::RS,computers_accessories,RS,RS,0.67,46.19,10.51,69.0
2018-09-01,computers_accessories::RS,computers_accessories,RS,RS,0.6,41.07,9.35,69.0
2018-09-02,computers_accessories::RS,computers_accessories,RS,RS,0.68,46.67,10.62,69.0
2018-09-03,computers_accessories::RS,computers_accessories,RS,RS,0.85,58.31,13.27,69.0
2018-09-04,computers_accessories::RS,computers_accessories,RS,RS,0.87,60.11,13.68,69.0
2018-09-05,computers_accessories::RS,computers_accessories,RS,RS,0.81,55.9,12.72,69.0
2018-09-06,computers_accessories::RS,computers_accessories,RS,RS,0.8,55.3,12.58,69.0
2018-09-07,computers_accessories::RS,computers_accessories,RS,RS,0.79,54.82,12.47,69.0
2018-09-08,computers_accessories::RS,computers_accessories,RS,RS,0.7,48.18,10.96,69.0
2018-09-09,computers_accessories::RS,computers_accessories,RS,RS,0.7,48.56,11.05,69.0
2018-09-10,computers_accessories::RS,computers_accessories,RS,RS,0.94,64.78,14.74,69.0
2018-09-11,computers_accessories::RS,computers_accessories,RS,RS,0.94,64.78,14.74,69.0
2018-09-12,computers_accessories::RS,computers_accessories,RS,RS,0.84,58.2,13.24,69.0
2018-09-13,computers_accessories::RS,computers_accessories,RS,RS,0.85,58.61,13.34,69.0
2018-09-14,computers_accessories::RS,computers_accessories,RS,RS,0.83,56.95,12.96,69.0
2018-09-15,computers_accessories::RS,computers_accessories,RS,RS,0.75,51.5,11.72,69.0
2018-09-16,computers_accessories::RS,computers_accessories,RS,RS,0.73,50.7,11.54,69.0
2018-09-17,computers_accessories::RS,computers_accessories,RS,RS,0.92,63.6,14.47,69.0
2018-09-18,computers_accessories::RS,computers_accessories,RS,RS,0.92,63.6,14.47,69.0
2018-09-19,computers_accessories::RS,computers_accessories,RS,RS,0.84,58.2,13.24,69.0
2018-09-20,computers_accessories::RS,computers_accessories,RS,RS,0.85,58.61,13.34,69.0
2018-09-21,computers_accessories::RS,computers_accessories,RS,RS,0.81,55.76,12.69,69.0
2018-09-22,computers_accessories::RS,computers_accessories,RS,RS,0.73,50.32,11.45,69.0
2018-09-23,computers_accessories::RS,computers_accessories,RS,RS,0.74,51.38,11.69,69.0
2018-09-24,computers_accessories::RS,computers_accessories,RS,RS,0.98,67.65,15.39,69.0
2018-09-25,computers_accessories::RS,computers_accessories,RS,RS,1.0,68.96,15.69,69.0
2018-09-26,computers_accessories::RS,computers_accessories,RS,RS,0.92,63.56,14.46,69.0
2018-08-30,computers_accessories::SP,computers_accessories,SP,SP,8.9,751.05,118.88,84.4
2018-08-31,computers_accessories::SP,computers_accessories,SP,SP,8.6,725.94,114.9,84.4
2018-09-01,computers_accessories::SP,computers_accessories,SP,SP,6.89,581.31,92.01,84.4
2018-09-02,computers_accessories::SP,computers_accessories,SP,SP,7.77,655.51,103.76,84.4
2018-09-03,computers_accessories::SP,computers_accessories,SP,SP,10.14,855.85,135.47,84.4
2018-09-04,computers_accessories::SP,computers_accessories,SP,SP,11.23,947.85,150.03,84.4
2018-09-05,computers_accessories::SP,computers_accessories,SP,SP,11.6,979.27,155.0,84.4
2018-09-06,computers_accessories::SP,computers_accessories,SP,SP,14.46,1220.67,193.21,84.4
2018-09-07,computers_accessories::SP,computers_accessories,SP,SP,11.53,973.51,154.09,84.4
2018-09-08,computers_accessories::SP,computers_accessories,SP,SP,7.88,665.32,105.31,84.4
2018-09-09,computers_accessories::SP,computers_accessories,SP,SP,8.26,697.13,110.34,84.4
2018-09-10,computers_accessories::SP,computers_accessories,SP,SP,13.84,1167.84,184.85,84.4
2018-09-11,computers_accessories::SP,computers_accessories,SP,SP,13.85,1168.84,185.01,84.4
2018-09-12,computers_accessories::SP,computers_accessories,SP,SP,13.86,1169.75,185.15,84.4
2018-09-13,computers_accessories::SP,computers_accessories,SP,SP,15.75,1329.29,210.4,84.4
2018-09-14,computers_accessories::SP,computers_accessories,SP,SP,13.51,1140.15,180.47,84.4
2018-09-15,computers_accessories::SP,computers_accessories,SP,SP,8.49,716.84,113.46,84.4
2018-09-16,computers_accessories::SP,computers_accessories,SP,SP,8.48,715.95,113.32,84.4
2018-09-17,computers_accessories::SP,computers_accessories,SP,SP,14.92,1259.2,199.31,84.4
2018-09-18,computers_accessories::SP,computers_accessories,SP,SP,14.87,1255.1,198.66,84.4
2018-09-19,computers_accessories::SP,computers_accessories,SP,SP,14.26,1203.6,190.51,84.4
2018-09-20,computers_accessories::SP,computers_accessories,SP,SP,13.5,1139.52,180.37,84.4
2018-09-21,computers_accessories::SP,computers_accessories,SP,SP,11.9,1004.41,158.98,84.4
2018-09-22,computers_accessories::SP,computers_accessories,SP,SP,9.2,776.27,122.87,84.4
2018-09-23,computers_accessories::SP,computers_accessories,SP,SP,10.13,855.39,135.39,84.4
2018-09-24,computers_accessories::SP,computers_accessories,SP,SP,15.57,1314.11,208.0,84.4
2018-09-25,computers_accessories::SP,computers_accessories,SP,SP,16.88,1424.87,225.53,84.4
2018-09-26,computers_accessories::SP,computers_accessories,SP,SP,16.19,1366.37,216.27,84.4
2018-08-30,construction_tools_construction::SP,construction_tools_construction,SP,SP,2.73,106.38,10.25,38.9
2018-08-31,construction_tools_construction::SP,construction_tools_construction,SP,SP,2.61,101.38,9.77,38.9
2018-09-01,construction_tools_construction::SP,construction_tools_construction,SP,SP,2.14,83.24,8.02,38.9
2018-09-02,construction_tools_construction::SP,construction_tools_construction,SP,SP,2.14,83.15,8.02,38.9
2018-09-03,construction_tools_construction::SP,construction_tools_construction,SP,SP,3.24,126.1,12.16,38.9
2018-09-04,construction_tools_construction::SP,construction_tools_construction,SP,SP,3.44,133.73,12.89,38.9
2018-09-05,construction_tools_construction::SP,construction_tools_construction,SP,SP,3.75,145.89,14.06,38.9
2018-09-06,construction_tools_construction::SP,construction_tools_construction,SP,SP,4.39,170.91,16.48,38.9
2018-09-07,construction_tools_construction::SP,construction_tools_construction,SP,SP,3.94,153.28,14.78,38.9
2018-09-08,construction_tools_construction::SP,construction_tools_construction,SP,SP,2.95,114.7,11.06,38.9
2018-09-09,construction_tools_construction::SP,construction_tools_construction,SP,SP,2.98,115.86,11.17,38.9
2018-09-10,construction_tools_construction::SP,construction_tools_construction,SP,SP,4.39,170.66,16.45,38.9
2018-09-11,construction_tools_construction::SP,construction_tools_construction,SP,SP,4.41,171.68,16.55,38.9
2018-09-12,construction_tools_construction::SP,construction_tools_construction,SP,SP,4.55,177.12,17.07,38.9
2018-09-13,construction_tools_construction::SP,construction_tools_construction,SP,SP,4.14,160.92,15.51,38.9
2018-09-14,construction_tools_construction::SP,construction_tools_construction,SP,SP,3.83,148.95,14.36,38.9
2018-09-15,construction_tools_construction::SP,construction_tools_construction,SP,SP,3.07,119.45,11.52,38.9
2018-09-16,construction_tools_construction::SP,construction_tools_construction,SP,SP,3.13,121.65,11.73,38.9
2018-09-17,construction_tools_construction::SP,construction_tools_construction,SP,SP,4.75,184.95,17.83,38.9
2018-09-18,construction_tools_construction::SP,construction_tools_construction,SP,SP,4.54,176.53,17.02,38.9
2018-09-19,construction_tools_construction::SP,construction_tools_construction,SP,SP,4.67,181.82,17.53,38.9
2018-09-20,construction_tools_construction::SP,construction_tools_construction,SP,SP,4.14,160.92,15.51,38.9
2018-09-21,construction_tools_construction::SP,construction_tools_construction,SP,SP,4.04,157.27,15.16,38.9
2018-09-22,construction_tools_construction::SP,construction_tools_construction,SP,SP,3.47,134.86,13.0,38.9
2018-09-23,construction_tools_construction::SP,construction_tools_construction,SP,SP,3.72,144.56,13.94,38.9
2018-09-24,construction_tools_construction::SP,construction_tools_construction,SP,SP,5.15,200.16,19.3,38.9
2018-09-25,construction_tools_construction::SP,construction_tools_construction,SP,SP,5.16,200.67,19.34,38.9
2018-09-26,construction_tools_construction::SP,construction_tools_construction,SP,SP,5.93,230.81,22.25,38.9
2018-08-30,cool_stuff::RJ,cool_stuff,RJ,RJ,0.58,80.03,13.24,136.9
2018-08-31,cool_stuff::RJ,cool_stuff,RJ,RJ,0.62,84.87,14.04,136.9
2018-09-01,cool_stuff::RJ,cool_stuff,RJ,RJ,0.57,77.81,12.87,136.9
2018-09-02,cool_stuff::RJ,cool_stuff,RJ,RJ,0.63,86.57,14.32,136.9
2018-09-03,cool_stuff::RJ,cool_stuff,RJ,RJ,0.82,111.72,18.48,136.9
2018-09-04,cool_stuff::RJ,cool_stuff,RJ,RJ,0.78,107.29,17.74,136.9
2018-09-05,cool_stuff::RJ,cool_stuff,RJ,RJ,0.73,99.7,16.49,136.9
2018-09-06,cool_stuff::RJ,cool_stuff,RJ,RJ,0.75,103.2,17.07,136.9
2018-09-07,cool_stuff::RJ,cool_stuff,RJ,RJ,0.74,101.97,16.87,136.9
2018-09-08,cool_stuff::RJ,cool_stuff,RJ,RJ,0.65,89.57,14.81,136.9
2018-09-09,cool_stuff::RJ,cool_stuff,RJ,RJ,0.66,90.33,14.94,136.9
2018-09-10,cool_stuff::RJ,cool_stuff,RJ,RJ,0.86,117.98,19.51,136.9
2018-09-11,cool_stuff::RJ,cool_stuff,RJ,RJ,0.92,126.28,20.89,136.9
2018-09-12,cool_stuff::RJ,cool_stuff,RJ,RJ,0.86,117.46,19.43,136.9
2018-09-13,cool_stuff::RJ,cool_stuff,RJ,RJ,0.85,115.93,19.17,136.9
2018-09-14,cool_stuff::RJ,cool_stuff,RJ,RJ,0.84,114.51,18.94,136.9
2018-09-15,cool_stuff::RJ,cool_stuff,RJ,RJ,0.75,102.38,16.93,136.9
2018-09-16,cool_stuff::RJ,cool_stuff,RJ,RJ,0.71,96.91,16.03,136.9
2018-09-17,cool_stuff::RJ,cool_stuff,RJ,RJ,0.89,122.22,20.21,136.9
2018-09-18,cool_stuff::RJ,cool_stuff,RJ,RJ,0.95,130.52,21.59,136.9
2018-09-19,cool_stuff::RJ,cool_stuff,RJ,RJ,0.87,119.35,19.74,136.9
2018-09-20,cool_stuff::RJ,cool_stuff,RJ,RJ,0.86,117.81,19.48,136.9
2018-09-21,cool_stuff::RJ,cool_stuff,RJ,RJ,0.84,114.51,18.94,136.9
2018-09-22,cool_stuff::RJ,cool_stuff,RJ,RJ,0.73,100.03,16.54,136.9
2018-09-23,cool_stuff::RJ,cool_stuff,RJ,RJ,0.74,100.79,16.67,136.9
2018-09-24,cool_stuff::RJ,cool_stuff,RJ,RJ,0.98,134.12,22.18,136.9
2018-09-25,cool_stuff::RJ,cool_stuff,RJ,RJ,1.0,136.71,22.61,136.9
2018-09-26,cool_stuff::RJ,cool_stuff,RJ,RJ,0.92,125.54,20.76,136.9
2018-08-30,cool_stuff::SP,cool_stuff,SP,SP,2.7,384.73,42.64,142.73
2018-08-31,cool_stuff::SP,cool_stuff,SP,SP,2.62,373.87,41.43,142.73
2018-09-01,cool_stuff::SP,cool_stuff,SP,SP,2.3,328.43,36.4,142.73
2018-09-02,cool_stuff::SP,cool_stuff,SP,SP,2.33,332.68,36.87,142.73
2018-09-03,cool_stuff::SP,cool_stuff,SP,SP,3.44,490.42,54.35,142.73
2018-09-04,cool_stuff::SP,cool_stuff,SP,SP,3.88,553.46,61.34,142.73
2018-09-05,cool_stuff::SP,cool_stuff,SP,SP,3.68,525.02,58.19,142.73
2018-09-06,cool_stuff::SP,cool_stuff,SP,SP,4.0,571.06,63.29,142.73
2018-09-07,cool_stuff::SP,cool_stuff,SP,SP,3.8,542.57,60.13,142.73
2018-09-08,cool_stuff::SP,cool_stuff,SP,SP,3.45,492.54,54.59,142.73
2018-09-09,cool_stuff::SP,cool_stuff,SP,SP,3.48,496.78,55.06,142.73
2018-09-10,cool_stuff::SP,cool_stuff,SP,SP,4.8,685.74,76.0,142.73
2018-09-11,cool_stuff::SP,cool_stuff,SP,SP,4.88,695.92,77.13,142.73
2018-09-12,cool_stuff::SP,cool_stuff,SP,SP,5.03,718.26,79.6,142.73
2018-09-13,cool_stuff::SP,cool_stuff,SP,SP,4.5,642.25,71.18,142.73
2018-09-14,cool_stuff::SP,cool_stuff,SP,SP,4.26,608.26,67.41,142.73
2018-09-15,cool_stuff::SP,cool_stuff,SP,SP,3.77,537.7,59.59,142.73
2018-09-16,cool_stuff::SP,cool_stuff,SP,SP,4.14,590.26,65.42,142.73
2018-09-17,cool_stuff::SP,cool_stuff,SP,SP,5.57,794.64,88.07,142.73
2018-09-18,cool_stuff::SP,cool_stuff,SP,SP,6.07,866.53,96.03,142.73
2018-09-19,cool_stuff::SP,cool_stuff,SP,SP,5.84,833.0,92.32,142.73
2018-09-20,cool_stuff::SP,cool_stuff,SP,SP,5.54,790.96,87.66,142.73
2018-09-21,cool_stuff::SP,cool_stuff,SP,SP,5.07,724.08,80.25,142.73
2018-09-22,cool_stuff::SP,cool_stuff,SP,SP,5.42,773.48,85.72,142.73
2018-09-23,cool_stuff::SP,cool_stuff,SP,SP,5.46,779.91,86.43,142.73
2018-09-24,cool_stuff::SP,cool_stuff,SP,SP,7.8,1113.8,123.44,142.73
2018-09-25,cool_stuff::SP,cool_stuff,SP,SP,8.26,1179.14,130.68,142.73
2018-09-26,cool_stuff::SP,cool_stuff,SP,SP,7.67,1095.01,121.36,142.73
2018-08-30,electronics::RJ,electronics,RJ,RJ,0.7,27.37,11.31,38.9
2018-08-31,electronics::RJ,electronics,RJ,RJ,0.71,27.7,11.45,38.9
2018-09-01,electronics::RJ,electronics,RJ,RJ,0.61,23.58,9.75,38.9
2018-09-02,electronics::RJ,electronics,RJ,RJ,0.73,28.31,11.7,38.9
2018-09-03,electronics::RJ,electronics,RJ,RJ,0.94,36.56,15.11,38.9
2018-09-04,electronics::RJ,electronics,RJ,RJ,0.94,36.67,15.16,38.9
2018-09-05,electronics::RJ,electronics,RJ,RJ,0.88,34.39,14.21,38.9
2018-09-06,electronics::RJ,electronics,RJ,RJ,0.89,34.51,14.26,38.9
2018-09-07,electronics::RJ,electronics,RJ,RJ,0.85,33.11,13.69,38.9
2018-09-08,electronics::RJ,electronics,RJ,RJ,0.74,28.61,11.82,38.9
2018-09-09,electronics::RJ,electronics,RJ,RJ,0.71,27.62,11.42,38.9
2018-09-10,electronics::RJ,electronics,RJ,RJ,0.98,37.99,15.7,38.9
2018-09-11,electronics::RJ,electronics,RJ,RJ,0.98,37.99,15.7,38.9
2018-09-12,electronics::RJ,electronics,RJ,RJ,0.87,33.75,13.95,38.9
2018-09-13,electronics::RJ,electronics,RJ,RJ,0.89,34.51,14.26,38.9
2018-09-14,electronics::RJ,electronics,RJ,RJ,0.85,33.11,13.69,38.9
2018-09-15,electronics::RJ,electronics,RJ,RJ,0.74,28.61,11.82,38.9
2018-09-16,electronics::RJ,electronics,RJ,RJ,0.72,28.08,11.61,38.9
2018-09-17,electronics::RJ,electronics,RJ,RJ,0.96,37.25,15.4,38.9
2018-09-18,electronics::RJ,electronics,RJ,RJ,0.94,36.65,15.15,38.9
2018-09-19,electronics::RJ,electronics,RJ,RJ,0.86,33.61,13.89,38.9
2018-09-20,electronics::RJ,electronics,RJ,RJ,0.83,32.15,13.29,38.9
2018-09-21,electronics::RJ,electronics,RJ,RJ,0.76,29.5,12.19,38.9
2018-09-22,electronics::RJ,electronics,RJ,RJ,0.69,26.97,11.14,38.9
2018-09-23,electronics::RJ,electronics,RJ,RJ,0.7,27.18,11.23,38.9
2018-09-24,electronics::RJ,electronics,RJ,RJ,0.95,36.93,15.26,38.9
2018-09-25,electronics::RJ,electronics,RJ,RJ,0.95,36.93,15.26,38.9
2018-09-26,electronics::RJ,electronics,RJ,RJ,0.92,35.63,14.72,38.9
2018-08-30,electronics::SP,electronics,SP,SP,1.46,58.9,12.0,40.25
2018-08-31,electronics::SP,electronics,SP,SP,1.48,59.46,12.12,40.25
2018-09-01,electronics::SP,electronics,SP,SP,1.33,53.61,10.92,40.25
2018-09-02,electronics::SP,electronics,SP,SP,1.34,53.84,10.97,40.25
2018-09-03,electronics::SP,electronics,SP,SP,1.66,66.67,13.59,40.25
2018-09-04,electronics::SP,electronics,SP,SP,1.62,65.15,13.28,40.25
2018-09-05,electronics::SP,electronics,SP,SP,1.55,62.19,12.67,40.25
2018-09-06,electronics::SP,electronics,SP,SP,1.47,59.21,12.07,40.25
2018-09-07,electronics::SP,electronics,SP,SP,1.49,59.79,12.18,40.25
2018-09-08,electronics::SP,electronics,SP,SP,1.08,43.62,8.89,40.25
2018-09-09,electronics::SP,electronics,SP,SP,1.08,43.37,8.84,40.25
2018-09-10,electronics::SP,electronics,SP,SP,1.57,63.0,12.84,40.25
2018-09-11,electronics::SP,electronics,SP,SP,1.76,70.87,14.44,40.25
2018-09-12,electronics::SP,electronics,SP,SP,1.51,60.73,12.38,40.25
2018-09-13,electronics::SP,electronics,SP,SP,1.59,64.1,13.06,40.25
2018-09-14,electronics::SP,electronics,SP,SP,1.37,55.03,11.21,40.25
2018-09-15,electronics::SP,electronics,SP,SP,1.2,48.3,9.84,40.25
2018-09-16,electronics::SP,electronics,SP,SP,1.08,43.62,8.89,40.25
2018-09-17,electronics::SP,electronics,SP,SP,1.54,62.17,12.67,40.25
2018-09-18,electronics::SP,electronics,SP,SP,1.65,66.59,13.57,40.25
2018-09-19,electronics::SP,electronics,SP,SP,1.59,63.85,13.01,40.25
2018-09-20,electronics::SP,electronics,SP,SP,1.6,64.53,13.15,40.25
2018-09-21,electronics::SP,electronics,SP,SP,1.51,60.69,12.37,40.25
2018-09-22,electronics::SP,electronics,SP,SP,1.24,50.03,10.19,40.25
2018-09-23,electronics::SP,electronics,SP,SP,1.27,50.95,10.38,40.25
2018-09-24,electronics::SP,electronics,SP,SP,1.75,70.39,14.34,40.25
2018-09-25,electronics::SP,electronics,SP,SP,1.77,71.17,14.5,40.25
2018-09-26,electronics::SP,electronics,SP,SP,1.74,70.11,14.29,40.25
2018-08-30,fashion_bags_accessories::SP,fashion_bags_accessories,SP,SP,2.42,120.83,19.4,49.9
2018-08-31,fashion_bags_accessories::SP,fashion_bags_accessories,SP,SP,2.2,109.78,17.62,49.9
2018-09-01,fashion_bags_accessories::SP,fashion_bags_accessories,SP,SP,1.81,90.13,14.47,49.9
2018-09-02,fashion_bags_accessories::SP,fashion_bags_accessories,SP,SP,1.57,78.41,12.59,49.9
2018-09-03,fashion_bags_accessories::SP,fashion_bags_accessories,SP,SP,2.48,123.54,19.83,49.9
2018-09-04,fashion_bags_accessories::SP,fashion_bags_accessories,SP,SP,2.48,123.54,19.83,49.9
2018-09-05,fashion_bags_accessories::SP,fashion_bags_accessories,SP,SP,2.42,120.9,19.41,49.9
2018-09-06,fashion_bags_accessories::SP,fashion_bags_accessories,SP,SP,2.71,135.45,21.74,49.9
2018-09-07,fashion_bags_accessories::SP,fashion_bags_accessories,SP,SP,2.64,131.72,21.15,49.9
2018-09-08,fashion_bags_accessories::SP,fashion_bags_accessories,SP,SP,1.74,86.82,13.94,49.9
2018-09-09,fashion_bags_accessories::SP,fashion_bags_accessories,SP,SP,1.77,88.3,14.18,49.9
2018-09-10,fashion_bags_accessories::SP,fashion_bags_accessories,SP,SP,3.19,159.03,25.53,49.9
2018-09-11,fashion_bags_accessories::SP,fashion_bags_accessories,SP,SP,3.19,159.03,25.53,49.9
2018-09-12,fashion_bags_accessories::SP,fashion_bags_accessories,SP,SP,3.13,156.24,25.08,49.9
2018-09-13,fashion_bags_accessories::SP,fashion_bags_accessories,SP,SP,3.11,154.98,24.88,49.9
2018-09-14,fashion_bags_accessories::SP,fashion_bags_accessories,SP,SP,3.07,153.11,24.58,49.9
2018-09-15,fashion_bags_accessories::SP,fashion_bags_accessories,SP,SP,2.2,110.03,17.66,49.9
2018-09-16,fashion_bags_accessories::SP,fashion_bags_accessories,SP,SP,2.62,130.85,21.01,49.9
2018-09-17,fashion_bags_accessories::SP,fashion_bags_accessories,SP,SP,3.76,187.59,30.12,49.9
2018-09-18,fashion_bags_accessories::SP,fashion_bags_accessories,SP,SP,3.76,187.59,30.12,49.9
2018-09-19,fashion_bags_accessories::SP,fashion_bags_accessories,SP,SP,3.76,187.57,30.11,49.9
2018-09-20,fashion_bags_accessories::SP,fashion_bags_accessories,SP,SP,3.69,184.05,29.55,49.9
2018-09-21,fashion_bags_accessories::SP,fashion_bags_accessories,SP,SP,3.62,180.65,29.0,49.9
2018-09-22,fashion_bags_accessories::SP,fashion_bags_accessories,SP,SP,2.94,146.84,23.57,49.9
2018-09-23,fashion_bags_accessories::SP,fashion_bags_accessories,SP,SP,3.14,156.69,25.15,49.9
2018-09-24,fashion_bags_accessories::SP,fashion_bags_accessories,SP,SP,4.12,205.78,33.04,49.9
2018-09-25,fashion_bags_accessories::SP,fashion_bags_accessories,SP,SP,4.13,206.08,33.08,49.9
2018-09-26,fashion_bags_accessories::SP,fashion_bags_accessories,SP,SP,4.04,201.72,32.38,49.9
2018-08-30,food::SP,food,SP,SP,3.95,224.92,44.17,56.97
2018-08-31,food::SP,food,SP,SP,3.87,220.43,43.29,56.97
2018-09-01,food::SP,food,SP,SP,2.87,163.54,32.12,56.97
2018-09-02,food::SP,food,SP,SP,3.52,200.49,39.37,56.97
2018-09-03,food::SP,food,SP,SP,5.92,337.08,66.2,56.97
2018-09-04,food::SP,food,SP,SP,5.51,313.78,61.62,56.97
2018-09-05,food::SP,food,SP,SP,5.28,300.7,59.05,56.97
2018-09-06,food::SP,food,SP,SP,4.94,281.7,55.32,56.97
2018-09-07,food::SP,food,SP,SP,4.5,256.47,50.37,56.97
2018-09-08,food::SP,food,SP,SP,4.16,236.82,46.51,56.97
2018-09-09,food::SP,food,SP,SP,5.06,288.38,56.63,56.97
2018-09-10,food::SP,food,SP,SP,6.91,393.73,77.32,56.97
2018-09-11,food::SP,food,SP,SP,6.97,397.35,78.03,56.97
2018-09-12,food::SP,food,SP,SP,6.8,387.51,76.1,56.97
2018-09-13,food::SP,food,SP,SP,6.78,386.07,75.82,56.97
2018-09-14,food::SP,food,SP,SP,6.41,365.44,71.77,56.97
2018-09-15,food::SP,food,SP,SP,5.68,323.38,63.51,56.97
2018-09-16,food::SP,food,SP,SP,5.64,321.53,63.14,56.97
2018-09-17,food::SP,food,SP,SP,7.5,427.23,83.9,56.97
2018-09-18,food::SP,food,SP,SP,7.64,435.17,85.46,56.97
2018-09-19,food::SP,food,SP,SP,7.93,452.04,88.77,56.97
2018-09-20,food::SP,food,SP,SP,7.47,425.45,83.55,56.97
2018-09-21,food::SP,food,SP,SP,6.3,358.94,70.49,56.97
2018-09-22,food::SP,food,SP,SP,5.37,306.17,60.13,56.97
2018-09-23,food::SP,food,SP,SP,6.91,393.67,77.31,56.97
2018-09-24,food::SP,food,SP,SP,9.36,533.3,104.73,56.97
2018-09-25,food::SP,food,SP,SP,9.43,537.01,105.46,56.97
2018-09-26,food::SP,food,SP,SP,9.4,535.72,105.2,56.97
2018-08-30,furniture_decor::MG,furniture_decor,MG,MG,1.62,97.05,25.26,59.9
2018-08-31,furniture_decor::MG,furniture_decor,MG,MG,1.65,98.59,25.67,59.9
2018-09-01,furniture_decor::MG,furniture_decor,MG,MG,1.51,90.31,23.51,59.9
2018-09-02,furniture_decor::MG,furniture_decor,MG,MG,1.58,94.57,24.62,59.9
2018-09-03,furniture_decor::MG,furniture_decor,MG,MG,1.94,116.44,30.31,59.9
2018-09-04,furniture_decor::MG,furniture_decor,MG,MG,2.01,120.35,31.33,59.9
2018-09-05,furniture_decor::MG,furniture_decor,MG,MG,1.95,116.61,30.36,59.9
2018-09-06,furniture_decor::MG,furniture_decor,MG,MG,1.94,115.94,30.18,59.9
2018-09-07,furniture_decor::MG,furniture_decor,MG,MG,2.1,125.49,32.67,59.9
2018-09-08,furniture_decor::MG,furniture_decor,MG,MG,1.75,104.97,27.33,59.9
2018-09-09,furniture_decor::MG,furniture_decor,MG,MG,1.74,104.01,27.07,59.9
2018-09-10,furniture_decor::MG,furniture_decor,MG,MG,2.49,149.28,38.86,59.9
2018-09-11,furniture_decor::MG,furniture_decor,MG,MG,2.48,148.76,38.72,59.9
2018-09-12,furniture_decor::MG,furniture_decor,MG,MG,2.59,155.22,40.41,59.9
2018-09-13,furniture_decor::MG,furniture_decor,MG,MG,2.68,160.71,41.83,59.9
2018-09-14,furniture_decor::MG,furniture_decor,MG,MG,2.58,154.56,40.23,59.9
2018-09-15,furniture_decor::MG,furniture_decor,MG,MG,1.81,108.16,28.16,59.9
2018-09-16,furniture_decor::MG,furniture_decor,MG,MG,1.84,109.94,28.62,59.9
2018-09-17,furniture_decor::MG,furniture_decor,MG,MG,2.22,133.09,34.65,59.9
2018-09-18,furniture_decor::MG,furniture_decor,MG,MG,2.13,127.57,33.21,59.9
2018-09-19,furniture_decor::MG,furniture_decor,MG,MG,2.02,120.79,31.44,59.9
2018-09-20,furniture_decor::MG,furniture_decor,MG,MG,2.26,135.48,35.27,59.9
2018-09-21,furniture_decor::MG,furniture_decor,MG,MG,2.38,142.6,37.12,59.9
2018-09-22,furniture_decor::MG,furniture_decor,MG,MG,1.79,107.45,27.97,59.9
2018-09-23,furniture_decor::MG,furniture_decor,MG,MG,1.87,112.25,29.22,59.9
2018-09-24,furniture_decor::MG,furniture_decor,MG,MG,3.06,183.46,47.76,59.9
2018-09-25,furniture_decor::MG,furniture_decor,MG,MG,3.12,186.59,48.57,59.9
2018-09-26,furniture_decor::MG,furniture_decor,MG,MG,3.28,196.46,51.14,59.9
2018-08-30,furniture_decor::PR,furniture_decor,PR,PR,1.4,122.54,31.52,87.4
2018-08-31,furniture_decor::PR,furniture_decor,PR,PR,1.31,114.35,29.42,87.4
2018-09-01,furniture_decor::PR,furniture_decor,PR,PR,1.25,108.86,28.0,87.4
2018-09-02,furniture_decor::PR,furniture_decor,PR,PR,1.23,107.84,27.74,87.4
2018-09-03,furniture_decor::PR,furniture_decor,PR,PR,1.84,160.54,41.3,87.4
2018-09-04,furniture_decor::PR,furniture_decor,PR,PR,1.69,147.98,38.07,87.4
2018-09-05,furniture_decor::PR,furniture_decor,PR,PR,1.43,125.38,32.25,87.4
2018-09-06,furniture_decor::PR,furniture_decor,PR,PR,1.5,130.84,33.66,87.4
2018-09-07,furniture_decor::PR,furniture_decor,PR,PR,1.31,114.06,29.34,87.4
2018-09-08,furniture_decor::PR,furniture_decor,PR,PR,1.02,89.47,23.01,87.4
2018-09-09,furniture_decor::PR,furniture_decor,PR,PR,0.98,85.39,21.96,87.4
2018-09-10,furniture_decor::PR,furniture_decor,PR,PR,1.39,121.22,31.18,87.4
2018-09-11,furniture_decor::PR,furniture_decor,PR,PR,1.4,122.07,31.4,87.4
2018-09-12,furniture_decor::PR,furniture_decor,PR,PR,1.33,115.88,29.81,87.4
2018-09-13,furniture_decor::PR,furniture_decor,PR,PR,1.42,124.4,32.0,87.4
2018-09-14,furniture_decor::PR,furniture_decor,PR,PR,1.34,117.12,30.13,87.4
2018-09-15,furniture_decor::PR,furniture_decor,PR,PR,1.1,96.46,24.81,87.4
2018-09-16,furniture_decor::PR,furniture_decor,PR,PR,1.11,96.94,24.94,87.4
2018-09-17,furniture_decor::PR,furniture_decor,PR,PR,1.52,133.07,34.23,87.4
2018-09-18,furniture_decor::PR,furniture_decor,PR,PR,1.52,133.07,34.23,87.4
2018-09-19,furniture_decor::PR,furniture_decor,PR,PR,1.42,123.88,31.87,87.4
2018-09-20,furniture_decor::PR,furniture_decor,PR,PR,1.42,124.4,32.0,87.4
2018-09-21,furniture_decor::PR,furniture_decor,PR,PR,1.32,115.62,29.74,87.4
2018-09-22,furniture_decor::PR,furniture_decor,PR,PR,1.32,115.73,29.77,87.4
2018-09-23,furniture_decor::PR,furniture_decor,PR,PR,1.31,114.84,29.54,87.4
2018-09-24,furniture_decor::PR,furniture_decor,PR,PR,1.91,166.7,42.88,87.4
2018-09-25,furniture_decor::PR,furniture_decor,PR,PR,1.92,168.2,43.27,87.4
2018-09-26,furniture_decor::PR,furniture_decor,PR,PR,1.74,152.48,39.22,87.4
2018-08-30,furniture_decor::RJ,furniture_decor,RJ,RJ,1.39,96.91,22.73,69.9
2018-08-31,furniture_decor::RJ,furniture_decor,RJ,RJ,1.49,103.91,24.37,69.9
2018-09-01,furniture_decor::RJ,furniture_decor,RJ,RJ,1.16,81.2,19.05,69.9
2018-09-02,furniture_decor::RJ,furniture_decor,RJ,RJ,1.35,94.62,22.2,69.9
2018-09-03,furniture_decor::RJ,furniture_decor,RJ,RJ,1.7,118.71,27.85,69.9
2018-09-04,furniture_decor::RJ,furniture_decor,RJ,RJ,1.72,120.12,28.18,69.9
2018-09-05,furniture_decor::RJ,furniture_decor,RJ,RJ,1.58,110.61,25.95,69.9
2018-09-06,furniture_decor::RJ,furniture_decor,RJ,RJ,1.64,114.98,26.97,69.9
2018-09-07,furniture_decor::RJ,furniture_decor,RJ,RJ,1.58,110.63,25.95,69.9
2018-09-08,furniture_decor::RJ,furniture_decor,RJ,RJ,1.26,88.42,20.74,69.9
2018-09-09,furniture_decor::RJ,furniture_decor,RJ,RJ,1.27,88.81,20.83,69.9
2018-09-10,furniture_decor::RJ,furniture_decor,RJ,RJ,1.77,123.6,28.99,69.9
2018-09-11,furniture_decor::RJ,furniture_decor,RJ,RJ,1.77,123.6,28.99,69.9
2018-09-12,furniture_decor::RJ,furniture_decor,RJ,RJ,1.66,115.76,27.16,69.9
2018-09-13,furniture_decor::RJ,furniture_decor,RJ,RJ,1.56,108.73,25.51,69.9
2018-09-14,furniture_decor::RJ,furniture_decor,RJ,RJ,1.45,101.23,23.75,69.9
2018-09-15,furniture_decor::RJ,furniture_decor,RJ,RJ,1.25,87.22,20.46,69.9
2018-09-16,furniture_decor::RJ,furniture_decor,RJ,RJ,1.27,88.81,20.83,69.9
2018-09-17,furniture_decor::RJ,furniture_decor,RJ,RJ,1.77,123.6,28.99,69.9
2018-09-18,furniture_decor::RJ,furniture_decor,RJ,RJ,1.66,116.15,27.25,69.9
2018-09-19,furniture_decor::RJ,furniture_decor,RJ,RJ,1.66,115.76,27.16,69.9
2018-09-20,furniture_decor::RJ,furniture_decor,RJ,RJ,1.63,113.78,26.69,69.9
2018-09-21,furniture_decor::RJ,furniture_decor,RJ,RJ,1.54,107.48,25.21,69.9
2018-09-22,furniture_decor::RJ,furniture_decor,RJ,RJ,1.25,87.22,20.46,69.9
2018-09-23,furniture_decor::RJ,furniture_decor,RJ,RJ,1.31,91.42,21.45,69.9
2018-09-24,furniture_decor::RJ,furniture_decor,RJ,RJ,1.88,131.57,30.86,69.9
2018-09-25,furniture_decor::RJ,furniture_decor,RJ,RJ,1.9,132.77,31.15,69.9
2018-09-26,furniture_decor::RJ,furniture_decor,RJ,RJ,1.77,123.73,29.03,69.9
2018-08-30,furniture_decor::RS,furniture_decor,RS,RS,1.22,83.72,22.94,68.4
2018-08-31,furniture_decor::RS,furniture_decor,RS,RS,1.08,74.21,20.33,68.4
2018-09-01,furniture_decor::RS,furniture_decor,RS,RS,0.97,66.6,18.25,68.4
2018-09-02,furniture_decor::RS,furniture_decor,RS,RS,0.98,66.98,18.35,68.4
2018-09-03,furniture_decor::RS,furniture_decor,RS,RS,1.34,91.57,25.09,68.4
2018-09-04,furniture_decor::RS,furniture_decor,RS,RS,1.4,95.52,26.17,68.4
2018-09-05,furniture_decor::RS,furniture_decor,RS,RS,1.16,79.09,21.67,68.4
2018-09-06,furniture_decor::RS,furniture_decor,RS,RS,1.15,78.32,21.46,68.4
2018-09-07,furniture_decor::RS,furniture_decor,RS,RS,0.95,65.09,17.83,68.4
2018-09-08,furniture_decor::RS,furniture_decor,RS,RS,0.78,53.59,14.68,68.4
2018-09-09,furniture_decor::RS,furniture_decor,RS,RS,0.81,55.44,15.19,68.4
2018-09-10,furniture_decor::RS,furniture_decor,RS,RS,1.02,69.73,19.1,68.4
2018-09-11,furniture_decor::RS,furniture_decor,RS,RS,1.04,70.9,19.42,68.4
2018-09-12,furniture_decor::RS,furniture_decor,RS,RS,0.94,64.42,17.65,68.4
2018-09-13,furniture_decor::RS,furniture_decor,RS,RS,0.93,63.65,17.44,68.4
2018-09-14,furniture_decor::RS,furniture_decor,RS,RS,0.86,58.67,16.07,68.4
2018-09-15,furniture_decor::RS,furniture_decor,RS,RS,0.73,50.26,13.77,68.4
2018-09-16,furniture_decor::RS,furniture_decor,RS,RS,0.74,50.64,13.87,68.4
2018-09-17,furniture_decor::RS,furniture_decor,RS,RS,0.98,67.06,18.37,68.4
2018-09-18,furniture_decor::RS,furniture_decor,RS,RS,1.02,69.53,19.05,68.4
2018-09-19,furniture_decor::RS,furniture_decor,RS,RS,0.92,63.01,17.26,68.4
2018-09-20,furniture_decor::RS,furniture_decor,RS,RS,0.91,62.24,17.05,68.4
2018-09-21,furniture_decor::RS,furniture_decor,RS,RS,0.89,60.59,16.6,68.4
2018-09-22,furniture_decor::RS,furniture_decor,RS,RS,0.8,54.63,14.97,68.4
2018-09-23,furniture_decor::RS,furniture_decor,RS,RS,0.88,60.09,16.46,68.4
2018-09-24,furniture_decor::RS,furniture_decor,RS,RS,1.16,79.23,21.71,68.4
2018-09-25,furniture_decor::RS,furniture_decor,RS,RS,1.22,83.7,22.93,68.4
2018-09-26,furniture_decor::RS,furniture_decor,RS,RS,1.16,79.14,21.68,68.4
2018-08-30,furniture_decor::SC,furniture_decor,SC,SC,0.71,55.52,18.02,78.5
2018-08-31,furniture_decor::SC,furniture_decor,SC,SC,0.72,56.33,18.29,78.5
2018-09-01,furniture_decor::SC,furniture_decor,SC,SC,0.63,49.75,16.15,78.5
2018-09-02,furniture_decor::SC,furniture_decor,SC,SC,0.71,56.12,18.22,78.5
2018-09-03,furniture_decor::SC,furniture_decor,SC,SC,0.88,68.69,22.3,78.5
2018-09-04,furniture_decor::SC,furniture_decor,SC,SC,0.92,72.09,23.4,78.5
2018-09-05,furniture_decor::SC,furniture_decor,SC,SC,0.89,69.74,22.64,78.5
2018-09-06,furniture_decor::SC,furniture_decor,SC,SC,0.87,68.04,22.09,78.5
2018-09-07,furniture_decor::SC,furniture_decor,SC,SC,0.89,69.92,22.7,78.5
2018-09-08,furniture_decor::SC,furniture_decor,SC,SC,0.75,59.03,19.16,78.5
2018-09-09,furniture_decor::SC,furniture_decor,SC,SC,0.69,54.55,17.71,78.5
2018-09-10,furniture_decor::SC,furniture_decor,SC,SC,0.89,70.06,22.74,78.5
2018-09-11,furniture_decor::SC,furniture_decor,SC,SC,0.89,70.06,22.74,78.5
2018-09-12,furniture_decor::SC,furniture_decor,SC,SC,0.81,63.43,20.59,78.5
2018-09-13,furniture_decor::SC,furniture_decor,SC,SC,0.8,63.12,20.49,78.5
2018-09-14,furniture_decor::SC,furniture_decor,SC,SC,0.84,65.98,21.42,78.5
2018-09-15,furniture_decor::SC,furniture_decor,SC,SC,0.73,57.68,18.73,78.5
2018-09-16,furniture_decor::SC,furniture_decor,SC,SC,0.74,58.12,18.87,78.5
2018-09-17,furniture_decor::SC,furniture_decor,SC,SC,0.94,73.47,23.85,78.5
2018-09-18,furniture_decor::SC,furniture_decor,SC,SC,0.95,74.82,24.29,78.5
2018-09-19,furniture_decor::SC,furniture_decor,SC,SC,0.89,70.11,22.76,78.5
2018-09-20,furniture_decor::SC,furniture_decor,SC,SC,0.86,67.88,22.04,78.5
2018-09-21,furniture_decor::SC,furniture_decor,SC,SC,0.84,65.98,21.42,78.5
2018-09-22,furniture_decor::SC,furniture_decor,SC,SC,0.73,57.68,18.73,78.5
2018-09-23,furniture_decor::SC,furniture_decor,SC,SC,0.74,58.46,18.98,78.5
2018-09-24,furniture_decor::SC,furniture_decor,SC,SC,0.98,77.02,25.0,78.5
2018-09-25,furniture_decor::SC,furniture_decor,SC,SC,0.98,77.02,25.0,78.5
2018-09-26,furniture_decor::SC,furniture_decor,SC,SC,0.96,75.49,24.51,78.5
2018-08-30,furniture_decor::SP,furniture_decor,SP,SP,7.33,590.32,119.97,80.54
2018-08-31,furniture_decor::SP,furniture_decor,SP,SP,7.15,575.73,117.0,80.54
2018-09-01,furniture_decor::SP,furniture_decor,SP,SP,4.97,400.22,81.33,80.54
2018-09-02,furniture_decor::SP,furniture_decor,SP,SP,5.9,475.24,96.58,80.54
2018-09-03,furniture_decor::SP,furniture_decor,SP,SP,8.87,714.21,145.14,80.54
2018-09-04,furniture_decor::SP,furniture_decor,SP,SP,10.25,825.23,167.7,80.54
2018-09-05,furniture_decor::SP,furniture_decor,SP,SP,10.21,822.09,167.06,80.54
2018-09-06,furniture_decor::SP,furniture_decor,SP,SP,10.35,833.37,169.36,80.54
2018-09-07,furniture_decor::SP,furniture_decor,SP,SP,8.68,699.07,142.07,80.54
2018-09-08,furniture_decor::SP,furniture_decor,SP,SP,6.56,528.21,107.34,80.54
2018-09-09,furniture_decor::SP,furniture_decor,SP,SP,7.07,569.45,115.72,80.54
2018-09-10,furniture_decor::SP,furniture_decor,SP,SP,12.53,1009.25,205.1,80.54
2018-09-11,furniture_decor::SP,furniture_decor,SP,SP,13.07,1052.37,213.86,80.54
2018-09-12,furniture_decor::SP,furniture_decor,SP,SP,12.73,1025.58,208.42,80.54
2018-09-13,furniture_decor::SP,furniture_decor,SP,SP,14.24,1147.04,233.1,80.54
2018-09-14,furniture_decor::SP,furniture_decor,SP,SP,11.05,890.14,180.89,80.54
2018-09-15,furniture_decor::SP,furniture_decor,SP,SP,7.8,627.85,127.59,80.54
2018-09-16,furniture_decor::SP,furniture_decor,SP,SP,8.75,705.05,143.28,80.54
2018-09-17,furniture_decor::SP,furniture_decor,SP,SP,15.34,1235.22,251.02,80.54
2018-09-18,furniture_decor::SP,furniture_decor,SP,SP,14.82,1193.32,242.51,80.54
2018-09-19,furniture_decor::SP,furniture_decor,SP,SP,14.86,1196.81,243.22,80.54
2018-09-20,furniture_decor::SP,furniture_decor,SP,SP,14.5,1167.96,237.35,80.54
2018-09-21,furniture_decor::SP,furniture_decor,SP,SP,10.97,883.56,179.56,80.54
2018-09-22,furniture_decor::SP,furniture_decor,SP,SP,7.34,591.33,120.17,80.54
2018-09-23,furniture_decor::SP,furniture_decor,SP,SP,9.49,764.68,155.4,80.54
2018-09-24,furniture_decor::SP,furniture_decor,SP,SP,14.95,1203.76,244.63,80.54
2018-09-25,furniture_decor::SP,furniture_decor,SP,SP,15.52,1250.27,254.08,80.54
2018-09-26,furniture_decor::SP,furniture_decor,SP,SP,15.46,1245.0,253.01,80.54
2018-08-30,garden_tools::MG,garden_tools,MG,MG,0.76,75.01,15.01,99.0
2018-08-31,garden_tools::MG,garden_tools,MG,MG,0.81,79.75,15.96,99.0
2018-09-01,garden_tools::MG,garden_tools,MG,MG,0.7,69.27,13.87,99.0
2018-09-02,garden_tools::MG,garden_tools,MG,MG,0.75,73.83,14.78,99.0
2018-09-03,garden_tools::MG,garden_tools,MG,MG,1.09,107.42,21.5,99.0
2018-09-04,garden_tools::MG,garden_tools,MG,MG,1.11,110.01,22.02,99.0
2018-09-05,garden_tools::MG,garden_tools,MG,MG,1.08,106.58,21.33,99.0
2018-09-06,garden_tools::MG,garden_tools,MG,MG,1.1,108.53,21.72,99.0
2018-09-07,garden_tools::MG,garden_tools,MG,MG,0.93,92.52,18.52,99.0
2018-09-08,garden_tools::MG,garden_tools,MG,MG,0.85,83.89,16.79,99.0
2018-09-09,garden_tools::MG,garden_tools,MG,MG,0.94,93.5,18.72,99.0
2018-09-10,garden_tools::MG,garden_tools,MG,MG,1.23,121.48,24.32,99.0
2018-09-11,garden_tools::MG,garden_tools,MG,MG,1.24,123.18,24.66,99.0
2018-09-12,garden_tools::MG,garden_tools,MG,MG,1.16,114.47,22.91,99.0
2018-09-13,garden_tools::MG,garden_tools,MG,MG,1.15,113.36,22.69,99.0
2018-09-14,garden_tools::MG,garden_tools,MG,MG,1.09,108.2,21.66,99.0
2018-09-15,garden_tools::MG,garden_tools,MG,MG,0.81,79.7,15.95,99.0
2018-09-16,garden_tools::MG,garden_tools,MG,MG,0.79,78.54,15.72,99.0
2018-09-17,garden_tools::MG,garden_tools,MG,MG,1.09,107.44,21.51,99.0
2018-09-18,garden_tools::MG,garden_tools,MG,MG,1.05,103.86,20.79,99.0
2018-09-19,garden_tools::MG,garden_tools,MG,MG,0.97,96.02,19.22,99.0
2018-09-20,garden_tools::MG,garden_tools,MG,MG,0.96,94.91,19.0,99.0
2018-09-21,garden_tools::MG,garden_tools,MG,MG,0.98,96.53,19.32,99.0
2018-09-22,garden_tools::MG,garden_tools,MG,MG,0.94,92.95,18.61,99.0
2018-09-23,garden_tools::MG,garden_tools,MG,MG,0.93,91.8,18.38,99.0
2018-09-24,garden_tools::MG,garden_tools,MG,MG,1.23,121.48,24.32,99.0
2018-09-25,garden_tools::MG,garden_tools,MG,MG,1.23,121.48,24.32,99.0
2018-09-26,garden_tools::MG,garden_tools,MG,MG,1.16,114.55,22.93,99.0
2018-08-30,garden_tools::RJ,garden_tools,RJ,RJ,0.74,72.24,17.47,96.97
2018-08-31,garden_tools::RJ,garden_tools,RJ,RJ,0.72,69.55,16.82,96.97
2018-09-01,garden_tools::RJ,garden_tools,RJ,RJ,0.66,63.68,15.4,96.97
2018-09-02,garden_tools::RJ,garden_tools,RJ,RJ,0.66,64.21,15.53,96.97
2018-09-03,garden_tools::RJ,garden_tools,RJ,RJ,0.85,82.73,20.0,96.97
2018-09-04,garden_tools::RJ,garden_tools,RJ,RJ,0.87,84.57,20.45,96.97
2018-09-05,garden_tools::RJ,garden_tools,RJ,RJ,0.88,85.14,20.59,96.97
2018-09-06,garden_tools::RJ,garden_tools,RJ,RJ,0.87,84.05,20.32,96.97
2018-09-07,garden_tools::RJ,garden_tools,RJ,RJ,0.87,84.71,20.48,96.97
2018-09-08,garden_tools::RJ,garden_tools,RJ,RJ,0.73,71.26,17.23,96.97
2018-09-09,garden_tools::RJ,garden_tools,RJ,RJ,0.76,73.46,17.76,96.97
2018-09-10,garden_tools::RJ,garden_tools,RJ,RJ,0.97,94.52,22.85,96.97
2018-09-11,garden_tools::RJ,garden_tools,RJ,RJ,0.96,92.85,22.45,96.97
2018-09-12,garden_tools::RJ,garden_tools,RJ,RJ,0.88,84.94,20.54,96.97
2018-09-13,garden_tools::RJ,garden_tools,RJ,RJ,0.88,85.52,20.68,96.97
2018-09-14,garden_tools::RJ,garden_tools,RJ,RJ,0.84,81.51,19.71,96.97
2018-09-15,garden_tools::RJ,garden_tools,RJ,RJ,0.75,72.92,17.63,96.97
2018-09-16,garden_tools::RJ,garden_tools,RJ,RJ,0.74,71.79,17.36,96.97
2018-09-17,garden_tools::RJ,garden_tools,RJ,RJ,0.96,92.85,22.45,96.97
2018-09-18,garden_tools::RJ,garden_tools,RJ,RJ,0.98,95.4,23.07,96.97
2018-09-19,garden_tools::RJ,garden_tools,RJ,RJ,0.94,90.99,22.0,96.97
2018-09-20,garden_tools::RJ,garden_tools,RJ,RJ,0.91,88.07,21.29,96.97
2018-09-21,garden_tools::RJ,garden_tools,RJ,RJ,0.87,84.06,20.33,96.97
2018-09-22,garden_tools::RJ,garden_tools,RJ,RJ,0.78,75.18,18.18,96.97
2018-09-23,garden_tools::RJ,garden_tools,RJ,RJ,0.76,74.05,17.91,96.97
2018-09-24,garden_tools::RJ,garden_tools,RJ,RJ,1.0,97.24,23.51,96.97
2018-09-25,garden_tools::RJ,garden_tools,RJ,RJ,1.0,97.24,23.51,96.97
2018-09-26,garden_tools::RJ,garden_tools,RJ,RJ,0.96,93.26,22.55,96.97
2018-08-30,garden_tools::SP,garden_tools,SP,SP,2.34,163.91,31.84,69.99
2018-08-31,garden_tools::SP,garden_tools,SP,SP,2.3,161.14,31.3,69.99
2018-09-01,garden_tools::SP,garden_tools,SP,SP,1.85,129.76,25.21,69.99
2018-09-02,garden_tools::SP,garden_tools,SP,SP,1.82,127.03,24.68,69.99
2018-09-03,garden_tools::SP,garden_tools,SP,SP,3.32,232.35,45.14,69.99
2018-09-04,garden_tools::SP,garden_tools,SP,SP,2.01,140.45,27.29,69.99
2018-09-05,garden_tools::SP,garden_tools,SP,SP,2.03,142.24,27.63,69.99
2018-09-06,garden_tools::SP,garden_tools,SP,SP,2.0,140.19,27.24,69.99
2018-09-07,garden_tools::SP,garden_tools,SP,SP,1.93,134.96,26.22,69.99
2018-09-08,garden_tools::SP,garden_tools,SP,SP,1.56,109.46,21.26,69.99
2018-09-09,garden_tools::SP,garden_tools,SP,SP,1.57,109.84,21.34,69.99
2018-09-10,garden_tools::SP,garden_tools,SP,SP,2.23,155.95,30.3,69.99
2018-09-11,garden_tools::SP,garden_tools,SP,SP,2.04,142.85,27.75,69.99
2018-09-12,garden_tools::SP,garden_tools,SP,SP,1.82,127.21,24.71,69.99
2018-09-13,garden_tools::SP,garden_tools,SP,SP,1.79,125.17,24.32,69.99
2018-09-14,garden_tools::SP,garden_tools,SP,SP,1.7,118.64,23.05,69.99
2018-09-15,garden_tools::SP,garden_tools,SP,SP,1.58,110.6,21.49,69.99
2018-09-16,garden_tools::SP,garden_tools,SP,SP,1.73,121.01,23.51,69.99
2018-09-17,garden_tools::SP,garden_tools,SP,SP,2.61,182.93,35.54,69.99
2018-09-18,garden_tools::SP,garden_tools,SP,SP,2.61,182.93,35.54,69.99
2018-09-19,garden_tools::SP,garden_tools,SP,SP,2.75,192.69,37.43,69.99
2018-09-20,garden_tools::SP,garden_tools,SP,SP,2.64,184.62,35.87,69.99
2018-09-21,garden_tools::SP,garden_tools,SP,SP,2.7,188.81,36.68,69.99
2018-09-22,garden_tools::SP,garden_tools,SP,SP,1.84,128.57,24.98,69.99
2018-09-23,garden_tools::SP,garden_tools,SP,SP,1.85,129.44,25.15,69.99
2018-09-24,garden_tools::SP,garden_tools,SP,SP,3.14,219.49,42.64,69.99
2018-09-25,garden_tools::SP,garden_tools,SP,SP,3.12,218.29,42.41,69.99
2018-09-26,garden_tools::SP,garden_tools,SP,SP,3.35,234.74,45.6,69.99
2018-08-30,health_beauty::BA,health_beauty,BA,BA,0.87,93.77,17.32,107.42
2018-08-31,health_beauty::BA,health_beauty,BA,BA,0.84,90.04,16.63,107.42
2018-09-01,health_beauty::BA,health_beauty,BA,BA,0.81,87.51,16.16,107.42
2018-09-02,health_beauty::BA,health_beauty,BA,BA,0.82,88.1,16.27,107.42
2018-09-03,health_beauty::BA,health_beauty,BA,BA,1.1,118.49,21.88,107.42
2018-09-04,health_beauty::BA,health_beauty,BA,BA,1.13,121.21,22.39,107.42
2018-09-05,health_beauty::BA,health_beauty,BA,BA,1.15,123.37,22.79,107.42
2018-09-06,health_beauty::BA,health_beauty,BA,BA,0.94,100.94,18.64,107.42
2018-09-07,health_beauty::BA,health_beauty,BA,BA,0.95,102.23,18.88,107.42
2018-09-08,health_beauty::BA,health_beauty,BA,BA,0.81,86.47,15.97,107.42
2018-09-09,health_beauty::BA,health_beauty,BA,BA,0.81,87.06,16.08,107.42
2018-09-10,health_beauty::BA,health_beauty,BA,BA,1.04,111.71,20.63,107.42
2018-09-11,health_beauty::BA,health_beauty,BA,BA,1.02,109.87,20.29,107.42
2018-09-12,health_beauty::BA,health_beauty,BA,BA,0.97,103.99,19.21,107.42
2018-09-13,health_beauty::BA,health_beauty,BA,BA,0.96,102.78,18.98,107.42
2018-09-14,health_beauty::BA,health_beauty,BA,BA,0.93,100.19,18.51,107.42
2018-09-15,health_beauty::BA,health_beauty,BA,BA,0.8,86.01,15.89,107.42
2018-09-16,health_beauty::BA,health_beauty,BA,BA,0.79,84.76,15.65,107.42
2018-09-17,health_beauty::BA,health_beauty,BA,BA,1.04,111.71,20.63,107.42
2018-09-18,health_beauty::BA,health_beauty,BA,BA,1.04,111.71,20.63,107.42
2018-09-19,health_beauty::BA,health_beauty,BA,BA,0.92,99.32,18.34,107.42
2018-09-20,health_beauty::BA,health_beauty,BA,BA,0.89,95.71,17.68,107.42
2018-09-21,health_beauty::BA,health_beauty,BA,BA,0.89,95.15,17.57,107.42
2018-09-22,health_beauty::BA,health_beauty,BA,BA,0.76,81.43,15.04,107.42
2018-09-23,health_beauty::BA,health_beauty,BA,BA,0.8,86.38,15.95,107.42
2018-09-24,health_beauty::BA,health_beauty,BA,BA,1.16,124.79,23.05,107.42
2018-09-25,health_beauty::BA,health_beauty,BA,BA,1.16,124.79,23.05,107.42
2018-09-26,health_beauty::BA,health_beauty,BA,BA,1.14,122.35,22.6,107.42
2018-08-30,health_beauty::MG,health_beauty,MG,MG,3.5,283.33,37.63,80.99
2018-08-31,health_beauty::MG,health_beauty,MG,MG,3.06,247.99,32.93,80.99
2018-09-01,health_beauty::MG,health_beauty,MG,MG,2.77,224.42,29.8,80.99
2018-09-02,health_beauty::MG,health_beauty,MG,MG,2.92,236.6,31.42,80.99
2018-09-03,health_beauty::MG,health_beauty,MG,MG,4.45,360.52,47.88,80.99
2018-09-04,health_beauty::MG,health_beauty,MG,MG,4.5,364.39,48.39,80.99
2018-09-05,health_beauty::MG,health_beauty,MG,MG,4.74,384.0,51.0,80.99
2018-09-06,health_beauty::MG,health_beauty,MG,MG,4.78,387.16,51.42,80.99
2018-09-07,health_beauty::MG,health_beauty,MG,MG,4.11,332.78,44.19,80.99
2018-09-08,health_beauty::MG,health_beauty,MG,MG,3.78,305.92,40.63,80.99
2018-09-09,health_beauty::MG,health_beauty,MG,MG,3.89,314.7,41.79,80.99
2018-09-10,health_beauty::MG,health_beauty,MG,MG,5.79,468.89,62.27,80.99
2018-09-11,health_beauty::MG,health_beauty,MG,MG,5.83,471.84,62.66,80.99
2018-09-12,health_beauty::MG,health_beauty,MG,MG,5.86,474.23,62.98,80.99
2018-09-13,health_beauty::MG,health_beauty,MG,MG,5.37,434.87,57.75,80.99
2018-09-14,health_beauty::MG,health_beauty,MG,MG,4.84,392.1,52.07,80.99
2018-09-15,health_beauty::MG,health_beauty,MG,MG,4.34,351.58,46.69,80.99
2018-09-16,health_beauty::MG,health_beauty,MG,MG,5.24,424.37,56.36,80.99
2018-09-17,health_beauty::MG,health_beauty,MG,MG,6.8,550.37,73.09,80.99
2018-09-18,health_beauty::MG,health_beauty,MG,MG,6.94,561.97,74.63,80.99
2018-09-19,health_beauty::MG,health_beauty,MG,MG,6.75,546.43,72.57,80.99
2018-09-20,health_beauty::MG,health_beauty,MG,MG,6.84,553.7,73.53,80.99
2018-09-21,health_beauty::MG,health_beauty,MG,MG,6.88,557.39,74.02,80.99
2018-09-22,health_beauty::MG,health_beauty,MG,MG,6.14,497.46,66.07,80.99
2018-09-23,health_beauty::MG,health_beauty,MG,MG,6.22,503.66,66.89,80.99
2018-09-24,health_beauty::MG,health_beauty,MG,MG,8.52,689.85,91.61,80.99
2018-09-25,health_beauty::MG,health_beauty,MG,MG,9.1,737.32,97.92,80.99
2018-09-26,health_beauty::MG,health_beauty,MG,MG,9.54,772.24,102.56,80.99
2018-08-30,health_beauty::PR,health_beauty,PR,PR,1.47,105.75,17.25,72.0
2018-08-31,health_beauty::PR,health_beauty,PR,PR,1.24,89.49,14.6,72.0
2018-09-01,health_beauty::PR,health_beauty,PR,PR,1.19,85.38,13.93,72.0
2018-09-02,health_beauty::PR,health_beauty,PR,PR,1.36,97.98,15.98,72.0
2018-09-03,health_beauty::PR,health_beauty,PR,PR,1.6,115.29,18.81,72.0
2018-09-04,health_beauty::PR,health_beauty,PR,PR,1.86,133.97,21.85,72.0
2018-09-05,health_beauty::PR,health_beauty,PR,PR,1.89,136.09,22.2,72.0
2018-09-06,health_beauty::PR,health_beauty,PR,PR,1.87,134.38,21.92,72.0
2018-09-07,health_beauty::PR,health_beauty,PR,PR,1.76,126.83,20.69,72.0
2018-09-08,health_beauty::PR,health_beauty,PR,PR,1.38,99.44,16.22,72.0
2018-09-09,health_beauty::PR,health_beauty,PR,PR,1.39,99.83,16.29,72.0
2018-09-10,health_beauty::PR,health_beauty,PR,PR,1.89,135.91,22.17,72.0
2018-09-11,health_beauty::PR,health_beauty,PR,PR,1.84,132.67,21.64,72.0
2018-09-12,health_beauty::PR,health_beauty,PR,PR,1.76,126.91,20.7,72.0
2018-09-13,health_beauty::PR,health_beauty,PR,PR,1.75,126.11,20.57,72.0
2018-09-14,health_beauty::PR,health_beauty,PR,PR,1.76,126.83,20.69,72.0
2018-09-15,health_beauty::PR,health_beauty,PR,PR,1.38,99.44,16.22,72.0
2018-09-16,health_beauty::PR,health_beauty,PR,PR,1.33,95.91,15.65,72.0
2018-09-17,health_beauty::PR,health_beauty,PR,PR,1.84,132.67,21.64,72.0
2018-09-18,health_beauty::PR,health_beauty,PR,PR,1.84,132.67,21.64,72.0
2018-09-19,health_beauty::PR,health_beauty,PR,PR,1.72,123.67,20.18,72.0
2018-09-20,health_beauty::PR,health_beauty,PR,PR,1.71,122.86,20.04,72.0
2018-09-21,health_beauty::PR,health_beauty,PR,PR,1.58,113.9,18.58,72.0
2018-09-22,health_beauty::PR,health_beauty,PR,PR,1.36,98.2,16.02,72.0
2018-09-23,health_beauty::PR,health_beauty,PR,PR,1.48,106.43,17.36,72.0
2018-09-24,health_beauty::PR,health_beauty,PR,PR,1.96,140.88,22.98,72.0
2018-09-25,health_beauty::PR,health_beauty,PR,PR,1.96,140.88,22.98,72.0
2018-09-26,health_beauty::PR,health_beauty,PR,PR,1.83,131.88,21.51,72.0
2018-08-30,health_beauty::RJ,health_beauty,RJ,RJ,3.54,388.76,63.0,109.95
2018-08-31,health_beauty::RJ,health_beauty,RJ,RJ,3.44,378.58,61.35,109.95
2018-09-01,health_beauty::RJ,health_beauty,RJ,RJ,2.99,328.31,53.2,109.95
2018-09-02,health_beauty::RJ,health_beauty,RJ,RJ,3.17,348.05,56.4,109.95
2018-09-03,health_beauty::RJ,health_beauty,RJ,RJ,5.01,550.4,89.19,109.95
2018-09-04,health_beauty::RJ,health_beauty,RJ,RJ,4.89,537.21,87.05,109.95
2018-09-05,health_beauty::RJ,health_beauty,RJ,RJ,4.73,520.58,84.36,109.95
2018-09-06,health_beauty::RJ,health_beauty,RJ,RJ,5.04,553.66,89.72,109.95
2018-09-07,health_beauty::RJ,health_beauty,RJ,RJ,4.32,475.32,77.02,109.95
2018-09-08,health_beauty::RJ,health_beauty,RJ,RJ,3.95,434.33,70.38,109.95
2018-09-09,health_beauty::RJ,health_beauty,RJ,RJ,4.16,456.88,74.04,109.95
2018-09-10,health_beauty::RJ,health_beauty,RJ,RJ,5.79,637.14,103.25,109.95
2018-09-11,health_beauty::RJ,health_beauty,RJ,RJ,6.01,660.71,107.07,109.95
2018-09-12,health_beauty::RJ,health_beauty,RJ,RJ,5.84,642.22,104.07,109.95
2018-09-13,health_beauty::RJ,health_beauty,RJ,RJ,5.41,594.56,96.35,109.95
2018-09-14,health_beauty::RJ,health_beauty,RJ,RJ,5.77,634.39,102.8,109.95
2018-09-15,health_beauty::RJ,health_beauty,RJ,RJ,5.2,571.97,92.69,109.95
2018-09-16,health_beauty::RJ,health_beauty,RJ,RJ,5.38,591.6,95.87,109.95
2018-09-17,health_beauty::RJ,health_beauty,RJ,RJ,7.79,856.23,138.75,109.95
2018-09-18,health_beauty::RJ,health_beauty,RJ,RJ,7.85,862.6,139.78,109.95
2018-09-19,health_beauty::RJ,health_beauty,RJ,RJ,7.54,829.38,134.4,109.95
2018-09-20,health_beauty::RJ,health_beauty,RJ,RJ,8.33,916.37,148.5,109.95
2018-09-21,health_beauty::RJ,health_beauty,RJ,RJ,6.82,750.21,121.57,109.95
2018-09-22,health_beauty::RJ,health_beauty,RJ,RJ,6.27,688.93,111.64,109.95
2018-09-23,health_beauty::RJ,health_beauty,RJ,RJ,6.42,705.61,114.34,109.95
2018-09-24,health_beauty::RJ,health_beauty,RJ,RJ,9.31,1023.49,165.85,109.95
2018-09-25,health_beauty::RJ,health_beauty,RJ,RJ,9.59,1054.28,170.84,109.95
2018-09-26,health_beauty::RJ,health_beauty,RJ,RJ,9.16,1007.08,163.19,109.95
2018-08-30,health_beauty::RS,health_beauty,RS,RS,0.99,97.99,22.02,99.45
2018-08-31,health_beauty::RS,health_beauty,RS,RS,0.95,94.16,21.16,99.45
2018-09-01,health_beauty::RS,health_beauty,RS,RS,0.87,86.65,19.47,99.45
2018-09-02,health_beauty::RS,health_beauty,RS,RS,0.88,87.2,19.59,99.45
2018-09-03,health_beauty::RS,health_beauty,RS,RS,1.24,123.17,27.68,99.45
2018-09-04,health_beauty::RS,health_beauty,RS,RS,1.15,114.17,25.65,99.45
2018-09-05,health_beauty::RS,health_beauty,RS,RS,1.13,111.93,25.15,99.45
2018-09-06,health_beauty::RS,health_beauty,RS,RS,1.16,115.66,25.99,99.45
2018-09-07,health_beauty::RS,health_beauty,RS,RS,1.11,110.48,24.82,99.45
2018-09-08,health_beauty::RS,health_beauty,RS,RS,0.92,91.67,20.6,99.45
2018-09-09,health_beauty::RS,health_beauty,RS,RS,0.96,95.71,21.51,99.45
2018-09-10,health_beauty::RS,health_beauty,RS,RS,1.24,123.74,27.8,99.45
2018-09-11,health_beauty::RS,health_beauty,RS,RS,1.24,123.74,27.8,99.45
2018-09-12,health_beauty::RS,health_beauty,RS,RS,1.01,100.48,22.58,99.45
2018-09-13,health_beauty::RS,health_beauty,RS,RS,1.15,113.87,25.59,99.45
2018-09-14,health_beauty::RS,health_beauty,RS,RS,0.99,98.67,22.17,99.45
2018-09-15,health_beauty::RS,health_beauty,RS,RS,0.81,80.24,18.03,99.45
2018-09-16,health_beauty::RS,health_beauty,RS,RS,0.85,84.82,19.06,99.45
2018-09-17,health_beauty::RS,health_beauty,RS,RS,1.24,123.74,27.8,99.45
2018-09-18,health_beauty::RS,health_beauty,RS,RS,1.11,110.25,24.77,99.45
2018-09-19,health_beauty::RS,health_beauty,RS,RS,1.16,114.99,25.84,99.45
2018-09-20,health_beauty::RS,health_beauty,RS,RS,1.13,112.16,25.2,99.45
2018-09-21,health_beauty::RS,health_beauty,RS,RS,1.08,106.98,24.04,99.45
2018-09-22,health_beauty::RS,health_beauty,RS,RS,0.96,95.17,21.38,99.45
2018-09-23,health_beauty::RS,health_beauty,RS,RS,0.96,95.71,21.51,99.45
2018-09-24,health_beauty::RS,health_beauty,RS,RS,1.25,123.82,27.82,99.45
2018-09-25,health_beauty::RS,health_beauty,RS,RS,1.33,132.11,29.68,99.45
2018-09-26,health_beauty::RS,health_beauty,RS,RS,1.24,123.36,27.72,99.45
2018-08-30,health_beauty::SC,health_beauty,SC,SC,0.99,73.99,13.78,74.9
2018-08-31,health_beauty::SC,health_beauty,SC,SC,0.86,64.07,11.93,74.9
2018-09-01,health_beauty::SC,health_beauty,SC,SC,0.81,61.02,11.36,74.9
2018-09-02,health_beauty::SC,health_beauty,SC,SC,0.86,64.07,11.93,74.9
2018-09-03,health_beauty::SC,health_beauty,SC,SC,1.12,84.25,15.69,74.9
2018-09-04,health_beauty::SC,health_beauty,SC,SC,1.13,84.37,15.71,74.9
2018-09-05,health_beauty::SC,health_beauty,SC,SC,1.09,81.67,15.21,74.9
2018-09-06,health_beauty::SC,health_beauty,SC,SC,1.16,87.11,16.22,74.9
2018-09-07,health_beauty::SC,health_beauty,SC,SC,1.16,87.11,16.22,74.9
2018-09-08,health_beauty::SC,health_beauty,SC,SC,0.96,71.67,13.35,74.9
2018-09-09,health_beauty::SC,health_beauty,SC,SC,0.93,69.45,12.93,74.9
2018-09-10,health_beauty::SC,health_beauty,SC,SC,1.22,91.64,17.07,74.9
2018-09-11,health_beauty::SC,health_beauty,SC,SC,1.32,99.17,18.47,74.9
2018-09-12,health_beauty::SC,health_beauty,SC,SC,1.26,94.19,17.54,74.9
2018-09-13,health_beauty::SC,health_beauty,SC,SC,1.16,87.11,16.22,74.9
2018-09-14,health_beauty::SC,health_beauty,SC,SC,1.09,81.86,15.24,74.9
2018-09-15,health_beauty::SC,health_beauty,SC,SC,0.85,63.47,11.82,74.9
2018-09-16,health_beauty::SC,health_beauty,SC,SC,0.87,65.16,12.14,74.9
2018-09-17,health_beauty::SC,health_beauty,SC,SC,1.06,79.67,14.84,74.9
2018-09-18,health_beauty::SC,health_beauty,SC,SC,1.06,79.67,14.84,74.9
2018-09-19,health_beauty::SC,health_beauty,SC,SC,0.99,73.93,13.77,74.9
2018-09-20,health_beauty::SC,health_beauty,SC,SC,0.96,71.8,13.37,74.9
2018-09-21,health_beauty::SC,health_beauty,SC,SC,0.98,73.03,13.6,74.9
2018-09-22,health_beauty::SC,health_beauty,SC,SC,0.92,69.04,12.86,74.9
2018-09-23,health_beauty::SC,health_beauty,SC,SC,0.93,69.45,12.93,74.9
2018-09-24,health_beauty::SC,health_beauty,SC,SC,1.21,90.29,16.81,74.9
2018-09-25,health_beauty::SC,health_beauty,SC,SC,1.22,91.64,17.07,74.9
2018-09-26,health_beauty::SC,health_beauty,SC,SC,1.24,92.91,17.3,74.9
2018-08-30,health_beauty::SP,health_beauty,SP,SP,13.42,1371.39,185.21,102.2
2018-08-31,health_beauty::SP,health_beauty,SP,SP,9.6,981.0,132.48,102.2
2018-09-01,health_beauty::SP,health_beauty,SP,SP,8.59,877.98,118.57,102.2
2018-09-02,health_beauty::SP,health_beauty,SP,SP,8.3,847.84,114.5,102.2
2018-09-03,health_beauty::SP,health_beauty,SP,SP,14.42,1473.74,199.03,102.2
2018-09-04,health_beauty::SP,health_beauty,SP,SP,16.56,1692.03,228.51,102.2
2018-09-05,health_beauty::SP,health_beauty,SP,SP,15.38,1571.51,212.23,102.2
2018-09-06,health_beauty::SP,health_beauty,SP,SP,18.46,1886.36,254.75,102.2
2018-09-07,health_beauty::SP,health_beauty,SP,SP,10.38,1060.53,143.23,102.2
2018-09-08,health_beauty::SP,health_beauty,SP,SP,8.34,852.54,115.14,102.2
2018-09-09,health_beauty::SP,health_beauty,SP,SP,9.05,925.23,124.95,102.2
2018-09-10,health_beauty::SP,health_beauty,SP,SP,17.5,1788.83,241.58,102.2
2018-09-11,health_beauty::SP,health_beauty,SP,SP,16.87,1724.36,232.88,102.2
2018-09-12,health_beauty::SP,health_beauty,SP,SP,17.39,1777.21,240.01,102.2
2018-09-13,health_beauty::SP,health_beauty,SP,SP,16.19,1654.59,223.45,102.2
2018-09-14,health_beauty::SP,health_beauty,SP,SP,11.23,1147.3,154.94,102.2
2018-09-15,health_beauty::SP,health_beauty,SP,SP,9.75,996.7,134.61,102.2
2018-09-16,health_beauty::SP,health_beauty,SP,SP,10.4,1062.93,143.55,102.2
2018-09-17,health_beauty::SP,health_beauty,SP,SP,16.08,1643.47,221.95,102.2
2018-09-18,health_beauty::SP,health_beauty,SP,SP,15.94,1629.03,220.0,102.2
2018-09-19,health_beauty::SP,health_beauty,SP,SP,15.72,1606.39,216.94,102.2
2018-09-20,health_beauty::SP,health_beauty,SP,SP,16.76,1712.57,231.28,102.2
2018-09-21,health_beauty::SP,health_beauty,SP,SP,11.39,1163.65,157.15,102.2
2018-09-22,health_beauty::SP,health_beauty,SP,SP,9.49,970.15,131.02,102.2
2018-09-23,health_beauty::SP,health_beauty,SP,SP,10.59,1082.2,146.15,102.2
2018-09-24,health_beauty::SP,health_beauty,SP,SP,17.1,1747.41,235.99,102.2
2018-09-25,health_beauty::SP,health_beauty,SP,SP,16.54,1690.67,228.33,102.2
2018-09-26,health_beauty::SP,health_beauty,SP,SP,16.43,1678.95,226.74,102.2
2018-08-30,home_appliances::SP,home_appliances,SP,SP,1.15,80.11,13.81,69.9
2018-08-31,home_appliances::SP,home_appliances,SP,SP,1.11,77.65,13.38,69.9
2018-09-01,home_appliances::SP,home_appliances,SP,SP,0.94,66.01,11.38,69.9
2018-09-02,home_appliances::SP,home_appliances,SP,SP,0.97,67.59,11.65,69.9
2018-09-03,home_appliances::SP,home_appliances,SP,SP,1.33,93.07,16.04,69.9
2018-09-04,home_appliances::SP,home_appliances,SP,SP,1.37,95.64,16.48,69.9
2018-09-05,home_appliances::SP,home_appliances,SP,SP,1.33,93.09,16.05,69.9
2018-09-06,home_appliances::SP,home_appliances,SP,SP,1.31,91.27,15.73,69.9
2018-09-07,home_appliances::SP,home_appliances,SP,SP,1.22,85.45,14.73,69.9
2018-09-08,home_appliances::SP,home_appliances,SP,SP,1.06,74.18,12.79,69.9
2018-09-09,home_appliances::SP,home_appliances,SP,SP,1.06,74.28,12.8,69.9
2018-09-10,home_appliances::SP,home_appliances,SP,SP,1.48,103.78,17.89,69.9
2018-09-11,home_appliances::SP,home_appliances,SP,SP,1.48,103.78,17.89,69.9
2018-09-12,home_appliances::SP,home_appliances,SP,SP,1.4,97.87,16.87,69.9
2018-09-13,home_appliances::SP,home_appliances,SP,SP,1.36,94.84,16.35,69.9
2018-09-14,home_appliances::SP,home_appliances,SP,SP,1.27,89.02,15.34,69.9
2018-09-15,home_appliances::SP,home_appliances,SP,SP,1.08,75.34,12.99,69.9
2018-09-16,home_appliances::SP,home_appliances,SP,SP,1.1,76.93,13.26,69.9
2018-09-17,home_appliances::SP,home_appliances,SP,SP,1.47,102.58,17.68,69.9
2018-09-18,home_appliances::SP,home_appliances,SP,SP,1.53,107.14,18.47,69.9
2018-09-19,home_appliances::SP,home_appliances,SP,SP,1.45,101.22,17.45,69.9
2018-09-20,home_appliances::SP,home_appliances,SP,SP,1.42,99.4,17.13,69.9
2018-09-21,home_appliances::SP,home_appliances,SP,SP,1.34,93.58,16.13,69.9
2018-09-22,home_appliances::SP,home_appliances,SP,SP,1.08,75.34,12.99,69.9
2018-09-23,home_appliances::SP,home_appliances,SP,SP,1.08,75.73,13.05,69.9
2018-09-24,home_appliances::SP,home_appliances,SP,SP,1.52,105.94,18.26,69.9
2018-09-25,home_appliances::SP,home_appliances,SP,SP,1.67,116.72,20.12,69.9
2018-09-26,home_appliances::SP,home_appliances,SP,SP,1.69,117.86,20.31,69.9
2018-08-30,home_construction::SP,home_construction,SP,SP,0.83,105.64,12.71,127.25
2018-08-31,home_construction::SP,home_construction,SP,SP,0.85,107.65,12.95,127.25
2018-09-01,home_construction::SP,home_construction,SP,SP,0.75,95.68,11.51,127.25
2018-09-02,home_construction::SP,home_construction,SP,SP,0.77,98.56,11.86,127.25
2018-09-03,home_construction::SP,home_construction,SP,SP,1.02,130.09,15.65,127.25
2018-09-04,home_construction::SP,home_construction,SP,SP,0.95,120.74,14.53,127.25
2018-09-05,home_construction::SP,home_construction,SP,SP,0.9,115.03,13.84,127.25
2018-09-06,home_construction::SP,home_construction,SP,SP,0.89,113.47,13.65,127.25
2018-09-07,home_construction::SP,home_construction,SP,SP,0.88,112.58,13.55,127.25
2018-09-08,home_construction::SP,home_construction,SP,SP,0.78,99.43,11.96,127.25
2018-09-09,home_construction::SP,home_construction,SP,SP,0.79,100.13,12.05,127.25
2018-09-10,home_construction::SP,home_construction,SP,SP,1.05,133.47,16.06,127.25
2018-09-11,home_construction::SP,home_construction,SP,SP,1.02,129.35,15.56,127.25
2018-09-12,home_construction::SP,home_construction,SP,SP,0.92,116.79,14.05,127.25
2018-09-13,home_construction::SP,home_construction,SP,SP,0.89,113.47,13.65,127.25
2018-09-14,home_construction::SP,home_construction,SP,SP,0.88,112.58,13.55,127.25
2018-09-15,home_construction::SP,home_construction,SP,SP,0.78,99.43,11.96,127.25
2018-09-16,home_construction::SP,home_construction,SP,SP,0.79,100.13,12.05,127.25
2018-09-17,home_construction::SP,home_construction,SP,SP,1.03,131.29,15.8,127.25
2018-09-18,home_construction::SP,home_construction,SP,SP,1.03,131.29,15.8,127.25
2018-09-19,home_construction::SP,home_construction,SP,SP,0.98,124.25,14.95,127.25
2018-09-20,home_construction::SP,home_construction,SP,SP,0.99,125.53,15.1,127.25
2018-09-21,home_construction::SP,home_construction,SP,SP,0.95,120.27,14.47,127.25
2018-09-22,home_construction::SP,home_construction,SP,SP,0.86,109.3,13.15,127.25
2018-09-23,home_construction::SP,home_construction,SP,SP,0.92,117.34,14.12,127.25
2018-09-24,home_construction::SP,home_construction,SP,SP,1.18,150.51,18.11,127.25
2018-09-25,home_construction::SP,home_construction,SP,SP,1.3,165.59,19.92,127.25
2018-09-26,home_construction::SP,home_construction,SP,SP,1.21,154.39,18.58,127.25
2018-08-30,housewares::MG,housewares,MG,MG,2.44,142.16,35.12,58.37
2018-08-31,housewares::MG,housewares,MG,MG,2.4,140.12,34.62,58.37
2018-09-01,housewares::MG,housewares,MG,MG,2.1,122.61,30.29,58.37
2018-09-02,housewares::MG,housewares,MG,MG,2.18,127.14,31.41,58.37
2018-09-03,housewares::MG,housewares,MG,MG,3.33,194.61,48.08,58.37
2018-09-04,housewares::MG,housewares,MG,MG,3.47,202.76,50.09,58.37
2018-09-05,housewares::MG,housewares,MG,MG,3.12,182.1,44.99,58.37
2018-09-06,housewares::MG,housewares,MG,MG,3.23,188.62,46.6,58.37
2018-09-07,housewares::MG,housewares,MG,MG,3.35,195.6,48.33,58.37
2018-09-08,housewares::MG,housewares,MG,MG,2.69,156.91,38.77,58.37
2018-09-09,housewares::MG,housewares,MG,MG,2.72,158.65,39.2,58.37
2018-09-10,housewares::MG,housewares,MG,MG,3.96,231.4,57.17,58.37
2018-09-11,housewares::MG,housewares,MG,MG,4.22,246.23,60.83,58.37
2018-09-12,housewares::MG,housewares,MG,MG,3.87,225.98,55.83,58.37
2018-09-13,housewares::MG,housewares,MG,MG,3.74,218.45,53.97,58.37
2018-09-14,housewares::MG,housewares,MG,MG,3.52,205.17,50.69,58.37
2018-09-15,housewares::MG,housewares,MG,MG,3.0,175.1,43.26,58.37
2018-09-16,housewares::MG,housewares,MG,MG,3.02,176.48,43.6,58.37
2018-09-17,housewares::MG,housewares,MG,MG,4.2,244.91,60.51,58.37
2018-09-18,housewares::MG,housewares,MG,MG,4.37,255.13,63.03,58.37
2018-09-19,housewares::MG,housewares,MG,MG,4.17,243.53,60.17,58.37
2018-09-20,housewares::MG,housewares,MG,MG,4.01,234.08,57.83,58.37
2018-09-21,housewares::MG,housewares,MG,MG,3.67,214.11,52.9,58.37
2018-09-22,housewares::MG,housewares,MG,MG,2.89,168.89,41.73,58.37
2018-09-23,housewares::MG,housewares,MG,MG,2.98,173.65,42.9,58.37
2018-09-24,housewares::MG,housewares,MG,MG,4.39,256.44,63.36,58.37
2018-09-25,housewares::MG,housewares,MG,MG,4.45,259.59,64.14,58.37
2018-09-26,housewares::MG,housewares,MG,MG,4.47,260.87,64.45,58.37
2018-08-30,housewares::PR,housewares,PR,PR,1.11,51.15,12.27,45.99
2018-08-31,housewares::PR,housewares,PR,PR,1.16,53.14,12.74,45.99
2018-09-01,housewares::PR,housewares,PR,PR,0.97,44.8,10.74,45.99
2018-09-02,housewares::PR,housewares,PR,PR,0.99,45.33,10.87,45.99
2018-09-03,housewares::PR,housewares,PR,PR,1.32,60.89,14.6,45.99
2018-09-04,housewares::PR,housewares,PR,PR,1.34,61.54,14.76,45.99
2018-09-05,housewares::PR,housewares,PR,PR,1.29,59.46,14.26,45.99
2018-09-06,housewares::PR,housewares,PR,PR,1.28,58.95,14.14,45.99
2018-09-07,housewares::PR,housewares,PR,PR,1.09,49.92,11.97,45.99
2018-09-08,housewares::PR,housewares,PR,PR,1.02,46.78,11.22,45.99
2018-09-09,housewares::PR,housewares,PR,PR,0.94,43.09,10.33,45.99
2018-09-10,housewares::PR,housewares,PR,PR,1.36,62.59,15.01,45.99
2018-09-11,housewares::PR,housewares,PR,PR,1.36,62.59,15.01,45.99
2018-09-12,housewares::PR,housewares,PR,PR,1.29,59.46,14.26,45.99
2018-09-13,housewares::PR,housewares,PR,PR,1.28,58.95,14.14,45.99
2018-09-14,housewares::PR,housewares,PR,PR,1.19,54.57,13.09,45.99
2018-09-15,housewares::PR,housewares,PR,PR,1.02,46.78,11.22,45.99
2018-09-16,housewares::PR,housewares,PR,PR,1.02,47.04,11.28,45.99
2018-09-17,housewares::PR,housewares,PR,PR,1.33,61.08,14.65,45.99
2018-09-18,housewares::PR,housewares,PR,PR,1.26,57.94,13.89,45.99
2018-09-19,housewares::PR,housewares,PR,PR,1.18,54.27,13.01,45.99
2018-09-20,housewares::PR,housewares,PR,PR,1.18,54.29,13.02,45.99
2018-09-21,housewares::PR,housewares,PR,PR,1.1,50.46,12.1,45.99
2018-09-22,housewares::PR,housewares,PR,PR,1.01,46.24,11.09,45.99
2018-09-23,housewares::PR,housewares,PR,PR,1.02,47.04,11.28,45.99
2018-09-24,housewares::PR,housewares,PR,PR,1.36,62.59,15.01,45.99
2018-09-25,housewares::PR,housewares,PR,PR,1.35,62.05,14.88,45.99
2018-09-26,housewares::PR,housewares,PR,PR,1.28,58.92,14.13,45.99
2018-08-30,housewares::RJ,housewares,RJ,RJ,2.77,157.25,42.61,56.75
2018-08-31,housewares::RJ,housewares,RJ,RJ,2.7,153.07,41.48,56.75
2018-09-01,housewares::RJ,housewares,RJ,RJ,2.32,131.86,35.73,56.75
2018-09-02,housewares::RJ,housewares,RJ,RJ,2.96,167.81,45.47,56.75
2018-09-03,housewares::RJ,housewares,RJ,RJ,3.63,206.15,55.86,56.75
2018-09-04,housewares::RJ,housewares,RJ,RJ,4.26,241.67,65.49,56.75
2018-09-05,housewares::RJ,housewares,RJ,RJ,4.09,232.14,62.9,56.75
2018-09-06,housewares::RJ,housewares,RJ,RJ,4.03,228.44,61.9,56.75
2018-09-07,housewares::RJ,housewares,RJ,RJ,3.81,216.32,58.62,56.75
2018-09-08,housewares::RJ,housewares,RJ,RJ,3.2,181.83,49.27,56.75
2018-09-09,housewares::RJ,housewares,RJ,RJ,3.22,182.59,49.48,56.75
2018-09-10,housewares::RJ,housewares,RJ,RJ,4.35,247.0,66.93,56.75
2018-09-11,housewares::RJ,housewares,RJ,RJ,4.41,250.23,67.81,56.75
2018-09-12,housewares::RJ,housewares,RJ,RJ,4.36,247.42,67.05,56.75
2018-09-13,housewares::RJ,housewares,RJ,RJ,4.28,242.92,65.83,56.75
2018-09-14,housewares::RJ,housewares,RJ,RJ,3.98,225.69,61.16,56.75
2018-09-15,housewares::RJ,housewares,RJ,RJ,3.49,198.13,53.69,56.75
2018-09-16,housewares::RJ,housewares,RJ,RJ,3.51,198.99,53.92,56.75
2018-09-17,housewares::RJ,housewares,RJ,RJ,4.7,266.66,72.26,56.75
2018-09-18,housewares::RJ,housewares,RJ,RJ,4.68,265.38,71.91,56.75
2018-09-19,housewares::RJ,housewares,RJ,RJ,4.62,262.29,71.08,56.75
2018-09-20,housewares::RJ,housewares,RJ,RJ,4.38,248.47,67.33,56.75
2018-09-21,housewares::RJ,housewares,RJ,RJ,3.85,218.77,59.28,56.75
2018-09-22,housewares::RJ,housewares,RJ,RJ,3.32,188.39,51.05,56.75
2018-09-23,housewares::RJ,housewares,RJ,RJ,3.49,197.78,53.59,56.75
2018-09-24,housewares::RJ,housewares,RJ,RJ,5.06,287.4,77.88,56.75
2018-09-25,housewares::RJ,housewares,RJ,RJ,5.79,328.49,89.01,56.75
2018-09-26,housewares::RJ,housewares,RJ,RJ,5.86,332.31,90.05,56.75
2018-08-30,housewares::RS,housewares,RS,RS,1.5,133.82,35.44,89.0
2018-08-31,housewares::RS,housewares,RS,RS,1.46,129.85,34.39,89.0
2018-09-01,housewares::RS,housewares,RS,RS,1.34,118.87,31.48,89.0
2018-09-02,housewares::RS,housewares,RS,RS,1.4,124.22,32.9,89.0
2018-09-03,housewares::RS,housewares,RS,RS,1.78,158.28,41.92,89.0
2018-09-04,housewares::RS,housewares,RS,RS,1.84,164.1,43.46,89.0
2018-09-05,housewares::RS,housewares,RS,RS,1.57,139.56,36.96,89.0
2018-09-06,housewares::RS,housewares,RS,RS,1.75,155.72,41.24,89.0
2018-09-07,housewares::RS,housewares,RS,RS,1.68,149.15,39.5,89.0
2018-09-08,housewares::RS,housewares,RS,RS,1.4,124.89,33.07,89.0
2018-09-09,housewares::RS,housewares,RS,RS,1.41,125.38,33.2,89.0
2018-09-10,housewares::RS,housewares,RS,RS,1.92,171.28,45.36,89.0
2018-09-11,housewares::RS,housewares,RS,RS,1.92,171.28,45.36,89.0
2018-09-12,housewares::RS,housewares,RS,RS,1.72,152.79,40.46,89.0
2018-09-13,housewares::RS,housewares,RS,RS,1.71,151.79,40.2,89.0
2018-09-14,housewares::RS,housewares,RS,RS,1.6,142.25,37.67,89.0
2018-09-15,housewares::RS,housewares,RS,RS,1.33,117.98,31.25,89.0
2018-09-16,housewares::RS,housewares,RS,RS,1.31,116.95,30.97,89.0
2018-09-17,housewares::RS,housewares,RS,RS,1.95,173.76,46.02,89.0
2018-09-18,housewares::RS,housewares,RS,RS,2.06,182.96,48.45,89.0
2018-09-19,housewares::RS,housewares,RS,RS,1.97,175.11,46.38,89.0
2018-09-20,housewares::RS,housewares,RS,RS,1.69,150.27,39.79,89.0
2018-09-21,housewares::RS,housewares,RS,RS,1.64,146.26,38.73,89.0
2018-09-22,housewares::RS,housewares,RS,RS,1.36,121.31,32.13,89.0
2018-09-23,housewares::RS,housewares,RS,RS,1.48,131.48,34.82,89.0
2018-09-24,housewares::RS,housewares,RS,RS,2.04,181.43,48.05,89.0
2018-09-25,housewares::RS,housewares,RS,RS,2.04,181.43,48.05,89.0
2018-09-26,housewares::RS,housewares,RS,RS,1.83,162.94,43.15,89.0
2018-08-30,housewares::SP,housewares,SP,SP,11.19,895.14,172.67,79.99
2018-08-31,housewares::SP,housewares,SP,SP,9.54,763.15,147.21,79.99
2018-09-01,housewares::SP,housewares,SP,SP,8.27,661.78,127.65,79.99
2018-09-02,housewares::SP,housewares,SP,SP,9.52,761.57,146.91,79.99
2018-09-03,housewares::SP,housewares,SP,SP,13.74,1098.76,211.95,79.99
2018-09-04,housewares::SP,housewares,SP,SP,14.86,1188.61,229.28,79.99
2018-09-05,housewares::SP,housewares,SP,SP,15.11,1208.72,233.16,79.99
2018-09-06,housewares::SP,housewares,SP,SP,13.58,1085.97,209.48,79.99
2018-09-07,housewares::SP,housewares,SP,SP,11.28,902.32,174.05,79.99
2018-09-08,housewares::SP,housewares,SP,SP,7.86,628.38,121.21,79.99
2018-09-09,housewares::SP,housewares,SP,SP,9.26,740.52,142.84,79.99
2018-09-10,housewares::SP,housewares,SP,SP,18.39,1470.93,283.74,79.99
2018-09-11,housewares::SP,housewares,SP,SP,15.99,1279.18,246.75,79.99
2018-09-12,housewares::SP,housewares,SP,SP,14.72,1177.19,227.08,79.99
2018-09-13,housewares::SP,housewares,SP,SP,16.64,1331.09,256.76,79.99
2018-09-14,housewares::SP,housewares,SP,SP,11.81,944.98,182.28,79.99
2018-09-15,housewares::SP,housewares,SP,SP,7.72,617.24,119.06,79.99
2018-09-16,housewares::SP,housewares,SP,SP,10.21,816.81,157.56,79.99
2018-09-17,housewares::SP,housewares,SP,SP,16.12,1289.08,248.66,79.99
2018-09-18,housewares::SP,housewares,SP,SP,16.15,1291.73,249.17,79.99
2018-09-19,housewares::SP,housewares,SP,SP,15.54,1242.82,239.74,79.99
2018-09-20,housewares::SP,housewares,SP,SP,15.88,1270.6,245.09,79.99
2018-09-21,housewares::SP,housewares,SP,SP,13.21,1056.74,203.84,79.99
2018-09-22,housewares::SP,housewares,SP,SP,7.88,630.61,121.64,79.99
2018-09-23,housewares::SP,housewares,SP,SP,10.2,815.62,157.33,79.99
2018-09-24,housewares::SP,housewares,SP,SP,16.7,1335.61,257.64,79.99
2018-09-25,housewares::SP,housewares,SP,SP,15.78,1262.16,243.47,79.99
2018-09-26,housewares::SP,housewares,SP,SP,15.57,1245.78,240.31,79.99
2018-08-30,luggage_accessories::SP,luggage_accessories,SP,SP,1.39,132.18,26.79,94.9
2018-08-31,luggage_accessories::SP,luggage_accessories,SP,SP,1.19,112.81,22.86,94.9
2018-09-01,luggage_accessories::SP,luggage_accessories,SP,SP,1.06,100.32,20.33,94.9
2018-09-02,luggage_accessories::SP,luggage_accessories,SP,SP,1.07,101.41,20.55,94.9
2018-09-03,luggage_accessories::SP,luggage_accessories,SP,SP,1.46,138.86,28.14,94.9
2018-09-04,luggage_accessories::SP,luggage_accessories,SP,SP,1.46,138.86,28.14,94.9
2018-09-05,luggage_accessories::SP,luggage_accessories,SP,SP,1.48,140.6,28.5,94.9
2018-09-06,luggage_accessories::SP,luggage_accessories,SP,SP,1.29,122.48,24.82,94.9
2018-09-07,luggage_accessories::SP,luggage_accessories,SP,SP,1.2,114.2,23.15,94.9
2018-09-08,luggage_accessories::SP,luggage_accessories,SP,SP,1.0,95.37,19.33,94.9
2018-09-09,luggage_accessories::SP,luggage_accessories,SP,SP,1.08,102.47,20.77,94.9
2018-09-10,luggage_accessories::SP,luggage_accessories,SP,SP,1.49,141.22,28.62,94.9
2018-09-11,luggage_accessories::SP,luggage_accessories,SP,SP,1.47,139.59,28.29,94.9
2018-09-12,luggage_accessories::SP,luggage_accessories,SP,SP,1.51,143.19,29.02,94.9
2018-09-13,luggage_accessories::SP,luggage_accessories,SP,SP,1.37,130.39,26.43,94.9
2018-09-14,luggage_accessories::SP,luggage_accessories,SP,SP,1.29,122.49,24.83,94.9
2018-09-15,luggage_accessories::SP,luggage_accessories,SP,SP,1.07,101.95,20.66,94.9
2018-09-16,luggage_accessories::SP,luggage_accessories,SP,SP,1.08,102.47,20.77,94.9
2018-09-17,luggage_accessories::SP,luggage_accessories,SP,SP,1.49,141.22,28.62,94.9
2018-09-18,luggage_accessories::SP,luggage_accessories,SP,SP,1.47,139.59,28.29,94.9
2018-09-19,luggage_accessories::SP,luggage_accessories,SP,SP,1.49,141.56,28.69,94.9
2018-09-20,luggage_accessories::SP,luggage_accessories,SP,SP,1.48,140.71,28.52,94.9
2018-09-21,luggage_accessories::SP,luggage_accessories,SP,SP,1.38,131.18,26.59,94.9
2018-09-22,luggage_accessories::SP,luggage_accessories,SP,SP,1.14,108.05,21.9,94.9
2018-09-23,luggage_accessories::SP,luggage_accessories,SP,SP,1.28,121.87,24.7,94.9
2018-09-24,luggage_accessories::SP,luggage_accessories,SP,SP,1.9,180.18,36.52,94.9
2018-09-25,luggage_accessories::SP,luggage_accessories,SP,SP,1.88,178.55,36.19,94.9
2018-09-26,luggage_accessories::SP,luggage_accessories,SP,SP,1.75,165.77,33.6,94.9
2018-08-30,musical_instruments::SP,musical_instruments,SP,SP,0.67,166.62,14.71,250.5
2018-08-31,musical_instruments::SP,musical_instruments,SP,SP,0.68,169.22,14.94,250.5
2018-09-01,musical_instruments::SP,musical_instruments,SP,SP,0.58,144.74,12.78,250.5
2018-09-02,musical_instruments::SP,musical_instruments,SP,SP,0.67,166.93,14.73,250.5
2018-09-03,musical_instruments::SP,musical_instruments,SP,SP,0.8,199.57,17.61,250.5
2018-09-04,musical_instruments::SP,musical_instruments,SP,SP,0.78,195.27,17.24,250.5
2018-09-05,musical_instruments::SP,musical_instruments,SP,SP,0.84,209.28,18.47,250.5
2018-09-06,musical_instruments::SP,musical_instruments,SP,SP,0.84,211.06,18.63,250.5
2018-09-07,musical_instruments::SP,musical_instruments,SP,SP,0.82,205.01,18.1,250.5
2018-09-08,musical_instruments::SP,musical_instruments,SP,SP,0.69,172.42,15.22,250.5
2018-09-09,musical_instruments::SP,musical_instruments,SP,SP,0.69,173.8,15.34,250.5
2018-09-10,musical_instruments::SP,musical_instruments,SP,SP,0.86,215.33,19.01,250.5
2018-09-11,musical_instruments::SP,musical_instruments,SP,SP,0.89,223.07,19.69,250.5
2018-09-12,musical_instruments::SP,musical_instruments,SP,SP,0.87,217.64,19.21,250.5
2018-09-13,musical_instruments::SP,musical_instruments,SP,SP,0.86,214.51,18.93,250.5
2018-09-14,musical_instruments::SP,musical_instruments,SP,SP,0.83,208.46,18.4,250.5
2018-09-15,musical_instruments::SP,musical_instruments,SP,SP,0.72,180.17,15.9,250.5
2018-09-16,musical_instruments::SP,musical_instruments,SP,SP,0.74,185.85,16.4,250.5
2018-09-17,musical_instruments::SP,musical_instruments,SP,SP,0.89,223.07,19.69,250.5
2018-09-18,musical_instruments::SP,musical_instruments,SP,SP,0.89,223.07,19.69,250.5
2018-09-19,musical_instruments::SP,musical_instruments,SP,SP,0.89,221.94,19.59,250.5
2018-09-20,musical_instruments::SP,musical_instruments,SP,SP,0.86,214.51,18.93,250.5
2018-09-21,musical_instruments::SP,musical_instruments,SP,SP,0.83,208.46,18.4,250.5
2018-09-22,musical_instruments::SP,musical_instruments,SP,SP,0.72,180.17,15.9,250.5
2018-09-23,musical_instruments::SP,musical_instruments,SP,SP,0.72,181.55,16.02,250.5
2018-09-24,musical_instruments::SP,musical_instruments,SP,SP,0.9,225.36,19.89,250.5
2018-09-25,musical_instruments::SP,musical_instruments,SP,SP,0.92,230.11,20.31,250.5
2018-09-26,musical_instruments::SP,musical_instruments,SP,SP,0.91,228.97,20.21,250.5
2018-08-30,office_furniture::SP,office_furniture,SP,SP,0.73,99.43,17.03,136.99
2018-08-31,office_furniture::SP,office_furniture,SP,SP,0.83,114.07,19.54,136.99
2018-09-01,office_furniture::SP,office_furniture,SP,SP,0.72,99.24,17.0,136.99
2018-09-02,office_furniture::SP,office_furniture,SP,SP,0.73,100.0,17.13,136.99
2018-09-03,office_furniture::SP,office_furniture,SP,SP,1.04,141.82,24.29,136.99
2018-09-04,office_furniture::SP,office_furniture,SP,SP,0.95,130.58,22.37,136.99
2018-09-05,office_furniture::SP,office_furniture,SP,SP,0.85,117.05,20.05,136.99
2018-09-06,office_furniture::SP,office_furniture,SP,SP,0.86,117.71,20.16,136.99
2018-09-07,office_furniture::SP,office_furniture,SP,SP,0.85,116.76,20.0,136.99
2018-09-08,office_furniture::SP,office_furniture,SP,SP,0.75,103.36,17.7,136.99
2018-09-09,office_furniture::SP,office_furniture,SP,SP,0.75,103.34,17.7,136.99
2018-09-10,office_furniture::SP,office_furniture,SP,SP,0.97,132.47,22.69,136.99
2018-09-11,office_furniture::SP,office_furniture,SP,SP,0.97,132.47,22.69,136.99
2018-09-12,office_furniture::SP,office_furniture,SP,SP,0.96,131.94,22.6,136.99
2018-09-13,office_furniture::SP,office_furniture,SP,SP,0.83,113.28,19.4,136.99
2018-09-14,office_furniture::SP,office_furniture,SP,SP,0.84,114.41,19.6,136.99
2018-09-15,office_furniture::SP,office_furniture,SP,SP,0.78,107.24,18.37,136.99
2018-09-16,office_furniture::SP,office_furniture,SP,SP,0.79,108.0,18.5,136.99
2018-09-17,office_furniture::SP,office_furniture,SP,SP,1.03,140.77,24.11,136.99
2018-09-18,office_furniture::SP,office_furniture,SP,SP,1.03,140.77,24.11,136.99
2018-09-19,office_furniture::SP,office_furniture,SP,SP,0.95,129.59,22.2,136.99
2018-09-20,office_furniture::SP,office_furniture,SP,SP,0.95,129.62,22.2,136.99
2018-09-21,office_furniture::SP,office_furniture,SP,SP,0.94,128.91,22.08,136.99
2018-09-22,office_furniture::SP,office_furniture,SP,SP,0.81,110.43,18.92,136.99
2018-09-23,office_furniture::SP,office_furniture,SP,SP,0.81,111.18,19.05,136.99
2018-09-24,office_furniture::SP,office_furniture,SP,SP,1.18,161.47,27.66,136.99
2018-09-25,office_furniture::SP,office_furniture,SP,SP,1.31,180.05,30.84,136.99
2018-09-26,office_furniture::SP,office_furniture,SP,SP,1.21,165.64,28.37,136.99
2018-08-30,perfumery::MG,perfumery,MG,MG,1.05,94.02,13.49,89.9
2018-08-31,perfumery::MG,perfumery,MG,MG,1.01,91.09,13.07,89.9
2018-09-01,perfumery::MG,perfumery,MG,MG,0.86,77.25,11.09,89.9
2018-09-02,perfumery::MG,perfumery,MG,MG,0.73,65.33,9.37,89.9
2018-09-03,perfumery::MG,perfumery,MG,MG,1.01,90.79,13.03,89.9
2018-09-04,perfumery::MG,perfumery,MG,MG,1.03,92.55,13.28,89.9
2018-09-05,perfumery::MG,perfumery,MG,MG,0.96,86.46,12.41,89.9
2018-09-06,perfumery::MG,perfumery,MG,MG,1.15,102.94,14.77,89.9
2018-09-07,perfumery::MG,perfumery,MG,MG,1.09,98.25,14.1,89.9
2018-09-08,perfumery::MG,perfumery,MG,MG,0.92,82.87,11.89,89.9
2018-09-09,perfumery::MG,perfumery,MG,MG,0.94,84.9,12.18,89.9
2018-09-10,perfumery::MG,perfumery,MG,MG,1.13,101.21,14.52,89.9
2018-09-11,perfumery::MG,perfumery,MG,MG,1.11,99.66,14.3,89.9
2018-09-12,perfumery::MG,perfumery,MG,MG,1.16,103.94,14.92,89.9
2018-09-13,perfumery::MG,perfumery,MG,MG,1.13,101.39,14.55,89.9
2018-09-14,perfumery::MG,perfumery,MG,MG,1.08,96.71,13.88,89.9
2018-09-15,perfumery::MG,perfumery,MG,MG,0.96,86.03,12.34,89.9
2018-09-16,perfumery::MG,perfumery,MG,MG,0.96,86.52,12.42,89.9
2018-09-17,perfumery::MG,perfumery,MG,MG,1.26,113.47,16.28,89.9
2018-09-18,perfumery::MG,perfumery,MG,MG,1.26,113.47,16.28,89.9
2018-09-19,perfumery::MG,perfumery,MG,MG,1.17,105.56,15.15,89.9
2018-09-20,perfumery::MG,perfumery,MG,MG,1.13,101.39,14.55,89.9
2018-09-21,perfumery::MG,perfumery,MG,MG,1.16,104.56,15.0,89.9
2018-09-22,perfumery::MG,perfumery,MG,MG,1.01,90.72,13.02,89.9
2018-09-23,perfumery::MG,perfumery,MG,MG,0.96,86.52,12.42,89.9
2018-09-24,perfumery::MG,perfumery,MG,MG,1.25,111.93,16.06,89.9
2018-09-25,perfumery::MG,perfumery,MG,MG,1.33,119.43,17.14,89.9
2018-09-26,perfumery::MG,perfumery,MG,MG,1.24,111.51,16.0,89.9
2018-08-30,perfumery::RJ,perfumery,RJ,RJ,1.15,135.13,17.25,117.8
2018-08-31,perfumery::RJ,perfumery,RJ,RJ,1.08,126.93,16.2,117.8
2018-09-01,perfumery::RJ,perfumery,RJ,RJ,0.91,107.78,13.76,117.8
2018-09-02,perfumery::RJ,perfumery,RJ,RJ,0.98,114.92,14.67,117.8
2018-09-03,perfumery::RJ,perfumery,RJ,RJ,1.32,155.65,19.87,117.8
2018-09-04,perfumery::RJ,perfumery,RJ,RJ,1.4,164.81,21.04,117.8
2018-09-05,perfumery::RJ,perfumery,RJ,RJ,1.17,138.32,17.65,117.8
2018-09-06,perfumery::RJ,perfumery,RJ,RJ,1.23,144.8,18.48,117.8
2018-09-07,perfumery::RJ,perfumery,RJ,RJ,1.15,134.99,17.23,117.8
2018-09-08,perfumery::RJ,perfumery,RJ,RJ,1.09,128.47,16.4,117.8
2018-09-09,perfumery::RJ,perfumery,RJ,RJ,1.01,119.52,15.26,117.8
2018-09-10,perfumery::RJ,perfumery,RJ,RJ,1.35,158.51,20.23,117.8
2018-09-11,perfumery::RJ,perfumery,RJ,RJ,1.33,156.49,19.97,117.8
2018-09-12,perfumery::RJ,perfumery,RJ,RJ,1.37,160.95,20.54,117.8
2018-09-13,perfumery::RJ,perfumery,RJ,RJ,1.3,152.84,19.51,117.8
2018-09-14,perfumery::RJ,perfumery,RJ,RJ,1.21,143.03,18.26,117.8
2018-09-15,perfumery::RJ,perfumery,RJ,RJ,1.1,130.01,16.59,117.8
2018-09-16,perfumery::RJ,perfumery,RJ,RJ,1.11,130.65,16.68,117.8
2018-09-17,perfumery::RJ,perfumery,RJ,RJ,1.52,179.36,22.89,117.8
2018-09-18,perfumery::RJ,perfumery,RJ,RJ,1.4,164.53,21.0,117.8
2018-09-19,perfumery::RJ,perfumery,RJ,RJ,1.43,168.99,21.57,117.8
2018-09-20,perfumery::RJ,perfumery,RJ,RJ,1.42,167.67,21.4,117.8
2018-09-21,perfumery::RJ,perfumery,RJ,RJ,1.32,155.84,19.89,117.8
2018-09-22,perfumery::RJ,perfumery,RJ,RJ,1.1,130.01,16.59,117.8
2018-09-23,perfumery::RJ,perfumery,RJ,RJ,1.09,128.63,16.42,117.8
2018-09-24,perfumery::RJ,perfumery,RJ,RJ,1.51,177.34,22.63,117.8
2018-09-25,perfumery::RJ,perfumery,RJ,RJ,1.65,194.61,24.84,117.8
2018-09-26,perfumery::RJ,perfumery,RJ,RJ,1.7,200.21,25.55,117.8
2018-08-30,perfumery::SP,perfumery,SP,SP,5.62,492.06,58.73,87.52
2018-08-31,perfumery::SP,perfumery,SP,SP,5.19,454.06,54.2,87.52
2018-09-01,perfumery::SP,perfumery,SP,SP,4.05,354.26,42.29,87.52
2018-09-02,perfumery::SP,perfumery,SP,SP,4.2,367.31,43.84,87.52
2018-09-03,perfumery::SP,perfumery,SP,SP,7.33,641.45,76.57,87.52
2018-09-04,perfumery::SP,perfumery,SP,SP,6.82,596.82,71.24,87.52
2018-09-05,perfumery::SP,perfumery,SP,SP,7.34,642.71,76.72,87.52
2018-09-06,perfumery::SP,perfumery,SP,SP,7.72,675.91,80.68,87.52
2018-09-07,perfumery::SP,perfumery,SP,SP,7.06,617.9,73.76,87.52
2018-09-08,perfumery::SP,perfumery,SP,SP,6.1,533.53,63.68,87.52
2018-09-09,perfumery::SP,perfumery,SP,SP,6.16,538.66,64.3,87.52
2018-09-10,perfumery::SP,perfumery,SP,SP,8.89,778.03,92.87,87.52
2018-09-11,perfumery::SP,perfumery,SP,SP,9.37,820.21,97.9,87.52
2018-09-12,perfumery::SP,perfumery,SP,SP,8.98,785.48,93.76,87.52
2018-09-13,perfumery::SP,perfumery,SP,SP,9.75,853.67,101.9,87.52
2018-09-14,perfumery::SP,perfumery,SP,SP,7.35,642.95,76.75,87.52
2018-09-15,perfumery::SP,perfumery,SP,SP,6.44,563.26,67.23,87.52
2018-09-16,perfumery::SP,perfumery,SP,SP,6.69,585.14,69.85,87.52
2018-09-17,perfumery::SP,perfumery,SP,SP,10.6,927.52,110.71,87.52
2018-09-18,perfumery::SP,perfumery,SP,SP,11.74,1027.31,122.63,87.52
2018-09-19,perfumery::SP,perfumery,SP,SP,11.54,1010.22,120.59,87.52
2018-09-20,perfumery::SP,perfumery,SP,SP,13.77,1205.23,143.86,87.52
2018-09-21,perfumery::SP,perfumery,SP,SP,10.83,947.51,113.1,87.52
2018-09-22,perfumery::SP,perfumery,SP,SP,8.15,713.07,85.12,87.52
2018-09-23,perfumery::SP,perfumery,SP,SP,8.48,741.89,88.56,87.52
2018-09-24,perfumery::SP,perfumery,SP,SP,14.32,1253.21,149.59,87.52
2018-09-25,perfumery::SP,perfumery,SP,SP,14.93,1306.43,155.94,87.52
2018-09-26,perfumery::SP,perfumery,SP,SP,14.29,1250.6,149.28,87.52
2018-08-30,pet_shop::SP,pet_shop,SP,SP,3.47,329.27,55.34,94.86
2018-08-31,pet_shop::SP,pet_shop,SP,SP,3.08,292.34,49.14,94.86
2018-09-01,pet_shop::SP,pet_shop,SP,SP,2.9,275.26,46.27,94.86
2018-09-02,pet_shop::SP,pet_shop,SP,SP,3.09,293.31,49.3,94.86
2018-09-03,pet_shop::SP,pet_shop,SP,SP,4.79,454.46,76.38,94.86
2018-09-04,pet_shop::SP,pet_shop,SP,SP,5.29,502.15,84.4,94.86
2018-09-05,pet_shop::SP,pet_shop,SP,SP,5.75,545.67,91.71,94.86
2018-09-06,pet_shop::SP,pet_shop,SP,SP,5.35,507.3,85.27,94.86
2018-09-07,pet_shop::SP,pet_shop,SP,SP,4.77,452.49,76.05,94.86
2018-09-08,pet_shop::SP,pet_shop,SP,SP,4.55,432.05,72.62,94.86
2018-09-09,pet_shop::SP,pet_shop,SP,SP,4.8,455.2,76.51,94.86
2018-09-10,pet_shop::SP,pet_shop,SP,SP,6.41,607.94,102.18,94.86
2018-09-11,pet_shop::SP,pet_shop,SP,SP,6.47,613.65,103.14,94.86
2018-09-12,pet_shop::SP,pet_shop,SP,SP,6.35,602.36,101.24,94.86
2018-09-13,pet_shop::SP,pet_shop,SP,SP,5.73,543.82,91.4,94.86
2018-09-14,pet_shop::SP,pet_shop,SP,SP,6.18,586.31,98.54,94.86
2018-09-15,pet_shop::SP,pet_shop,SP,SP,5.42,514.23,86.43,94.86
2018-09-16,pet_shop::SP,pet_shop,SP,SP,5.92,561.37,94.35,94.86
2018-09-17,pet_shop::SP,pet_shop,SP,SP,8.7,825.0,138.66,94.86
2018-09-18,pet_shop::SP,pet_shop,SP,SP,9.03,856.63,143.98,94.86
2018-09-19,pet_shop::SP,pet_shop,SP,SP,8.6,815.35,137.04,94.86
2018-09-20,pet_shop::SP,pet_shop,SP,SP,8.41,797.99,134.12,94.86
2018-09-21,pet_shop::SP,pet_shop,SP,SP,6.82,646.86,108.72,94.86
2018-09-22,pet_shop::SP,pet_shop,SP,SP,6.36,603.02,101.35,94.86
2018-09-23,pet_shop::SP,pet_shop,SP,SP,6.29,596.44,100.25,94.86
2018-09-24,pet_shop::SP,pet_shop,SP,SP,10.3,977.11,164.23,94.86
2018-09-25,pet_shop::SP,pet_shop,SP,SP,9.62,912.69,153.4,94.86
2018-09-26,pet_shop::SP,pet_shop,SP,SP,9.68,917.87,154.27,94.86
2018-08-30,small_appliances::SP,small_appliances,SP,SP,0.58,63.66,8.25,109.9
2018-08-31,small_appliances::SP,small_appliances,SP,SP,0.64,70.73,9.17,109.9
2018-09-01,small_appliances::SP,small_appliances,SP,SP,0.58,63.44,8.23,109.9
2018-09-02,small_appliances::SP,small_appliances,SP,SP,0.7,76.95,9.98,109.9
2018-09-03,small_appliances::SP,small_appliances,SP,SP,0.86,94.74,12.29,109.9
2018-09-04,small_appliances::SP,small_appliances,SP,SP,0.84,92.85,12.04,109.9
2018-09-05,small_appliances::SP,small_appliances,SP,SP,0.81,88.65,11.5,109.9
2018-09-06,small_appliances::SP,small_appliances,SP,SP,0.8,87.93,11.4,109.9
2018-09-07,small_appliances::SP,small_appliances,SP,SP,0.79,87.17,11.3,109.9
2018-09-08,small_appliances::SP,small_appliances,SP,SP,0.7,77.47,10.05,109.9
2018-09-09,small_appliances::SP,small_appliances,SP,SP,0.81,88.98,11.54,109.9
2018-09-10,small_appliances::SP,small_appliances,SP,SP,1.03,113.39,14.7,109.9
2018-09-11,small_appliances::SP,small_appliances,SP,SP,1.03,113.39,14.7,109.9
2018-09-12,small_appliances::SP,small_appliances,SP,SP,0.97,106.31,13.78,109.9
2018-09-13,small_appliances::SP,small_appliances,SP,SP,0.89,98.0,12.71,109.9
2018-09-14,small_appliances::SP,small_appliances,SP,SP,0.88,97.23,12.61,109.9
2018-09-15,small_appliances::SP,small_appliances,SP,SP,0.8,87.76,11.38,109.9
2018-09-16,small_appliances::SP,small_appliances,SP,SP,0.79,86.48,11.21,109.9
2018-09-17,small_appliances::SP,small_appliances,SP,SP,1.02,111.72,14.49,109.9
2018-09-18,small_appliances::SP,small_appliances,SP,SP,1.0,109.83,14.24,109.9
2018-09-19,small_appliances::SP,small_appliances,SP,SP,0.93,102.75,13.32,109.9
2018-09-20,small_appliances::SP,small_appliances,SP,SP,0.89,98.0,12.71,109.9
2018-09-21,small_appliances::SP,small_appliances,SP,SP,0.87,95.34,12.36,109.9
2018-09-22,small_appliances::SP,small_appliances,SP,SP,0.79,86.34,11.2,109.9
2018-09-23,small_appliances::SP,small_appliances,SP,SP,0.81,89.03,11.55,109.9
2018-09-24,small_appliances::SP,small_appliances,SP,SP,1.08,118.36,15.35,109.9
2018-09-25,small_appliances::SP,small_appliances,SP,SP,1.08,118.36,15.35,109.9
2018-09-26,small_appliances::SP,small_appliances,SP,SP,1.04,113.85,14.76,109.9
2018-08-30,sports_leisure::MG,sports_leisure,MG,MG,1.67,158.37,28.83,94.59
2018-08-31,sports_leisure::MG,sports_leisure,MG,MG,1.58,149.51,27.22,94.59
2018-09-01,sports_leisure::MG,sports_leisure,MG,MG,1.34,127.13,23.15,94.59
2018-09-02,sports_leisure::MG,sports_leisure,MG,MG,1.37,129.84,23.64,94.59
2018-09-03,sports_leisure::MG,sports_leisure,MG,MG,1.84,173.93,31.67,94.59
2018-09-04,sports_leisure::MG,sports_leisure,MG,MG,1.95,184.37,33.57,94.59
2018-09-05,sports_leisure::MG,sports_leisure,MG,MG,1.83,173.26,31.54,94.59
2018-09-06,sports_leisure::MG,sports_leisure,MG,MG,1.82,172.2,31.35,94.59
2018-09-07,sports_leisure::MG,sports_leisure,MG,MG,1.71,162.05,29.5,94.59
2018-09-08,sports_leisure::MG,sports_leisure,MG,MG,1.33,126.18,22.97,94.59
2018-09-09,sports_leisure::MG,sports_leisure,MG,MG,1.45,136.79,24.9,94.59
2018-09-10,sports_leisure::MG,sports_leisure,MG,MG,1.8,170.58,31.06,94.59
2018-09-11,sports_leisure::MG,sports_leisure,MG,MG,1.8,170.58,31.06,94.59
2018-09-12,sports_leisure::MG,sports_leisure,MG,MG,1.62,153.54,27.95,94.59
2018-09-13,sports_leisure::MG,sports_leisure,MG,MG,1.62,152.87,27.83,94.59
2018-09-14,sports_leisure::MG,sports_leisure,MG,MG,1.49,141.1,25.69,94.59
2018-09-15,sports_leisure::MG,sports_leisure,MG,MG,1.33,125.39,22.83,94.59
2018-09-16,sports_leisure::MG,sports_leisure,MG,MG,1.33,125.92,22.92,94.59
2018-09-17,sports_leisure::MG,sports_leisure,MG,MG,1.73,163.24,29.72,94.59
2018-09-18,sports_leisure::MG,sports_leisure,MG,MG,1.83,173.32,31.56,94.59
2018-09-19,sports_leisure::MG,sports_leisure,MG,MG,1.7,160.77,29.27,94.59
2018-09-20,sports_leisure::MG,sports_leisure,MG,MG,1.71,161.33,29.37,94.59
2018-09-21,sports_leisure::MG,sports_leisure,MG,MG,1.58,149.56,27.23,94.59
2018-09-22,sports_leisure::MG,sports_leisure,MG,MG,1.49,140.85,25.64,94.59
2018-09-23,sports_leisure::MG,sports_leisure,MG,MG,1.48,139.74,25.44,94.59
2018-09-24,sports_leisure::MG,sports_leisure,MG,MG,1.95,184.11,33.52,94.59
2018-09-25,sports_leisure::MG,sports_leisure,MG,MG,2.04,192.83,35.11,94.59
2018-09-26,sports_leisure::MG,sports_leisure,MG,MG,1.83,173.18,31.53,94.59
2018-08-30,sports_leisure::PR,sports_leisure,PR,PR,0.83,61.86,10.57,74.24
2018-08-31,sports_leisure::PR,sports_leisure,PR,PR,0.82,61.08,10.44,74.24
2018-09-01,sports_leisure::PR,sports_leisure,PR,PR,0.72,53.22,9.1,74.24
2018-09-02,sports_leisure::PR,sports_leisure,PR,PR,0.72,53.63,9.17,74.24
2018-09-03,sports_leisure::PR,sports_leisure,PR,PR,0.98,72.67,12.42,74.24
2018-09-04,sports_leisure::PR,sports_leisure,PR,PR,0.92,68.03,11.63,74.24
2018-09-05,sports_leisure::PR,sports_leisure,PR,PR,0.84,62.73,10.72,74.24
2018-09-06,sports_leisure::PR,sports_leisure,PR,PR,0.89,66.15,11.3,74.24
2018-09-07,sports_leisure::PR,sports_leisure,PR,PR,0.9,67.04,11.46,74.24
2018-09-08,sports_leisure::PR,sports_leisure,PR,PR,0.78,57.56,9.84,74.24
2018-09-09,sports_leisure::PR,sports_leisure,PR,PR,0.74,55.28,9.45,74.24
2018-09-10,sports_leisure::PR,sports_leisure,PR,PR,1.01,75.14,12.84,74.24
2018-09-11,sports_leisure::PR,sports_leisure,PR,PR,1.03,76.42,13.06,74.24
2018-09-12,sports_leisure::PR,sports_leisure,PR,PR,0.94,69.66,11.9,74.24
2018-09-13,sports_leisure::PR,sports_leisure,PR,PR,0.93,68.83,11.76,74.24
2018-09-14,sports_leisure::PR,sports_leisure,PR,PR,0.89,65.76,11.24,74.24
2018-09-15,sports_leisure::PR,sports_leisure,PR,PR,0.78,57.56,9.84,74.24
2018-09-16,sports_leisure::PR,sports_leisure,PR,PR,0.76,56.27,9.62,74.24
2018-09-17,sports_leisure::PR,sports_leisure,PR,PR,1.07,79.43,13.57,74.24
2018-09-18,sports_leisure::PR,sports_leisure,PR,PR,0.98,72.61,12.41,74.24
2018-09-19,sports_leisure::PR,sports_leisure,PR,PR,0.87,64.58,11.04,74.24
2018-09-20,sports_leisure::PR,sports_leisure,PR,PR,0.89,66.43,11.35,74.24
2018-09-21,sports_leisure::PR,sports_leisure,PR,PR,0.85,63.36,10.83,74.24
2018-09-22,sports_leisure::PR,sports_leisure,PR,PR,0.75,55.86,9.55,74.24
2018-09-23,sports_leisure::PR,sports_leisure,PR,PR,0.76,56.27,9.62,74.24
2018-09-24,sports_leisure::PR,sports_leisure,PR,PR,1.04,77.02,13.16,74.24
2018-09-25,sports_leisure::PR,sports_leisure,PR,PR,1.02,75.75,12.94,74.24
2018-09-26,sports_leisure::PR,sports_leisure,PR,PR,1.09,80.95,13.83,74.24
2018-08-30,sports_leisure::RJ,sports_leisure,RJ,RJ,1.94,155.23,32.19,79.9
2018-08-31,sports_leisure::RJ,sports_leisure,RJ,RJ,1.47,117.51,24.37,79.9
2018-09-01,sports_leisure::RJ,sports_leisure,RJ,RJ,1.35,107.73,22.34,79.9
2018-09-02,sports_leisure::RJ,sports_leisure,RJ,RJ,1.4,111.64,23.15,79.9
2018-09-03,sports_leisure::RJ,sports_leisure,RJ,RJ,1.83,145.97,30.27,79.9
2018-09-04,sports_leisure::RJ,sports_leisure,RJ,RJ,1.89,151.19,31.35,79.9
2018-09-05,sports_leisure::RJ,sports_leisure,RJ,RJ,1.85,147.66,30.62,79.9
2018-09-06,sports_leisure::RJ,sports_leisure,RJ,RJ,1.84,146.76,30.43,79.9
2018-09-07,sports_leisure::RJ,sports_leisure,RJ,RJ,1.76,140.68,29.17,79.9
2018-09-08,sports_leisure::RJ,sports_leisure,RJ,RJ,1.49,118.97,24.67,79.9
2018-09-09,sports_leisure::RJ,sports_leisure,RJ,RJ,1.49,119.41,24.76,79.9
2018-09-10,sports_leisure::RJ,sports_leisure,RJ,RJ,1.94,155.16,32.18,79.9
2018-09-11,sports_leisure::RJ,sports_leisure,RJ,RJ,1.94,155.16,32.18,79.9
2018-09-12,sports_leisure::RJ,sports_leisure,RJ,RJ,1.85,147.66,30.62,79.9
2018-09-13,sports_leisure::RJ,sports_leisure,RJ,RJ,1.84,146.76,30.43,79.9
2018-09-14,sports_leisure::RJ,sports_leisure,RJ,RJ,1.76,140.68,29.17,79.9
2018-09-15,sports_leisure::RJ,sports_leisure,RJ,RJ,1.33,105.92,21.96,79.9
2018-09-16,sports_leisure::RJ,sports_leisure,RJ,RJ,1.33,106.36,22.05,79.9
2018-09-17,sports_leisure::RJ,sports_leisure,RJ,RJ,1.79,143.31,29.72,79.9
2018-09-18,sports_leisure::RJ,sports_leisure,RJ,RJ,1.94,155.16,32.18,79.9
2018-09-19,sports_leisure::RJ,sports_leisure,RJ,RJ,1.85,147.66,30.62,79.9
2018-09-20,sports_leisure::RJ,sports_leisure,RJ,RJ,1.84,146.76,30.43,79.9
2018-09-21,sports_leisure::RJ,sports_leisure,RJ,RJ,1.76,140.68,29.17,79.9
2018-09-22,sports_leisure::RJ,sports_leisure,RJ,RJ,1.47,117.6,24.39,79.9
2018-09-23,sports_leisure::RJ,sports_leisure,RJ,RJ,1.48,118.04,24.48,79.9
2018-09-24,sports_leisure::RJ,sports_leisure,RJ,RJ,1.92,153.79,31.89,79.9
2018-09-25,sports_leisure::RJ,sports_leisure,RJ,RJ,2.02,161.16,33.42,79.9
2018-09-26,sports_leisure::RJ,sports_leisure,RJ,RJ,2.29,182.83,37.91,79.9
2018-08-30,sports_leisure::RS,sports_leisure,RS,RS,0.7,48.6,11.46,69.9
2018-08-31,sports_leisure::RS,sports_leisure,RS,RS,0.73,50.9,12.0,69.9
2018-09-01,sports_leisure::RS,sports_leisure,RS,RS,0.61,42.3,9.98,69.9
2018-09-02,sports_leisure::RS,sports_leisure,RS,RS,0.72,50.5,11.91,69.9
2018-09-03,sports_leisure::RS,sports_leisure,RS,RS,0.86,60.13,14.18,69.9
2018-09-04,sports_leisure::RS,sports_leisure,RS,RS,0.95,66.2,15.61,69.9
2018-09-05,sports_leisure::RS,sports_leisure,RS,RS,0.84,59.06,13.93,69.9
2018-09-06,sports_leisure::RS,sports_leisure,RS,RS,0.88,61.32,14.46,69.9
2018-09-07,sports_leisure::RS,sports_leisure,RS,RS,0.86,59.95,14.14,69.9
2018-09-08,sports_leisure::RS,sports_leisure,RS,RS,0.73,50.97,12.02,69.9
2018-09-09,sports_leisure::RS,sports_leisure,RS,RS,0.73,51.36,12.11,69.9
2018-09-10,sports_leisure::RS,sports_leisure,RS,RS,0.95,66.69,15.73,69.9
2018-09-11,sports_leisure::RS,sports_leisure,RS,RS,0.97,67.89,16.01,69.9
2018-09-12,sports_leisure::RS,sports_leisure,RS,RS,0.86,60.16,14.19,69.9
2018-09-13,sports_leisure::RS,sports_leisure,RS,RS,0.85,59.38,14.0,69.9
2018-09-14,sports_leisure::RS,sports_leisure,RS,RS,0.83,57.69,13.61,69.9
2018-09-15,sports_leisure::RS,sports_leisure,RS,RS,0.75,52.17,12.3,69.9
2018-09-16,sports_leisure::RS,sports_leisure,RS,RS,0.73,51.36,12.11,69.9
2018-09-17,sports_leisure::RS,sports_leisure,RS,RS,0.92,64.43,15.2,69.9
2018-09-18,sports_leisure::RS,sports_leisure,RS,RS,0.92,64.43,15.2,69.9
2018-09-19,sports_leisure::RS,sports_leisure,RS,RS,0.84,58.96,13.91,69.9
2018-09-20,sports_leisure::RS,sports_leisure,RS,RS,0.88,61.64,14.54,69.9
2018-09-21,sports_leisure::RS,sports_leisure,RS,RS,0.84,58.75,13.86,69.9
2018-09-22,sports_leisure::RS,sports_leisure,RS,RS,0.73,51.36,12.11,69.9
2018-09-23,sports_leisure::RS,sports_leisure,RS,RS,0.74,52.05,12.28,69.9
2018-09-24,sports_leisure::RS,sports_leisure,RS,RS,1.0,69.86,16.47,69.9
2018-09-25,sports_leisure::RS,sports_leisure,RS,RS,1.0,69.86,16.47,69.9
2018-09-26,sports_leisure::RS,sports_leisure,RS,RS,0.96,67.22,15.85,69.9
2018-08-30,sports_leisure::SC,sports_leisure,SC,SC,1.15,126.73,25.96,109.9
2018-08-31,sports_leisure::SC,sports_leisure,SC,SC,0.96,105.94,21.7,109.9
2018-09-01,sports_leisure::SC,sports_leisure,SC,SC,0.84,91.89,18.82,109.9
2018-09-02,sports_leisure::SC,sports_leisure,SC,SC,0.84,92.5,18.95,109.9
2018-09-03,sports_leisure::SC,sports_leisure,SC,SC,1.13,124.01,25.4,109.9
2018-09-04,sports_leisure::SC,sports_leisure,SC,SC,1.03,113.15,23.18,109.9
2018-09-05,sports_leisure::SC,sports_leisure,SC,SC,0.98,107.63,22.05,109.9
2018-09-06,sports_leisure::SC,sports_leisure,SC,SC,0.93,102.27,20.95,109.9
2018-09-07,sports_leisure::SC,sports_leisure,SC,SC,0.91,99.62,20.41,109.9
2018-09-08,sports_leisure::SC,sports_leisure,SC,SC,0.78,86.11,17.64,109.9
2018-09-09,sports_leisure::SC,sports_leisure,SC,SC,0.79,86.72,17.76,109.9
2018-09-10,sports_leisure::SC,sports_leisure,SC,SC,1.04,114.29,23.41,109.9
2018-09-11,sports_leisure::SC,sports_leisure,SC,SC,0.96,105.23,21.56,109.9
2018-09-12,sports_leisure::SC,sports_leisure,SC,SC,0.88,96.26,19.72,109.9
2018-09-13,sports_leisure::SC,sports_leisure,SC,SC,0.88,96.92,19.85,109.9
2018-09-14,sports_leisure::SC,sports_leisure,SC,SC,0.84,92.38,18.92,109.9
2018-09-15,sports_leisure::SC,sports_leisure,SC,SC,0.73,80.76,16.54,109.9
2018-09-16,sports_leisure::SC,sports_leisure,SC,SC,0.74,81.84,16.77,109.9
2018-09-17,sports_leisure::SC,sports_leisure,SC,SC,1.02,112.09,22.96,109.9
2018-09-18,sports_leisure::SC,sports_leisure,SC,SC,1.0,110.2,22.58,109.9
2018-09-19,sports_leisure::SC,sports_leisure,SC,SC,0.94,103.12,21.13,109.9
2018-09-20,sports_leisure::SC,sports_leisure,SC,SC,0.91,100.0,20.49,109.9
2018-09-21,sports_leisure::SC,sports_leisure,SC,SC,0.93,101.8,20.86,109.9
2018-09-22,sports_leisure::SC,sports_leisure,SC,SC,0.89,97.83,20.04,109.9
2018-09-23,sports_leisure::SC,sports_leisure,SC,SC,0.9,98.44,20.17,109.9
2018-09-24,sports_leisure::SC,sports_leisure,SC,SC,1.23,134.85,27.63,109.9
2018-09-25,sports_leisure::SC,sports_leisure,SC,SC,1.23,134.85,27.63,109.9
2018-09-26,sports_leisure::SC,sports_leisure,SC,SC,1.14,125.18,25.64,109.9
2018-08-30,sports_leisure::SP,sports_leisure,SP,SP,8.6,729.16,107.94,84.78
2018-08-31,sports_leisure::SP,sports_leisure,SP,SP,8.68,735.6,108.89,84.78
2018-09-01,sports_leisure::SP,sports_leisure,SP,SP,6.17,523.37,77.48,84.78
2018-09-02,sports_leisure::SP,sports_leisure,SP,SP,6.98,591.66,87.58,84.78
2018-09-03,sports_leisure::SP,sports_leisure,SP,SP,9.82,832.14,123.18,84.78
2018-09-04,sports_leisure::SP,sports_leisure,SP,SP,9.72,824.23,122.01,84.78
2018-09-05,sports_leisure::SP,sports_leisure,SP,SP,9.77,828.29,122.61,84.78
2018-09-06,sports_leisure::SP,sports_leisure,SP,SP,13.29,1127.01,166.83,84.78
2018-09-07,sports_leisure::SP,sports_leisure,SP,SP,10.47,887.67,131.4,84.78
2018-09-08,sports_leisure::SP,sports_leisure,SP,SP,6.42,544.47,80.6,84.78
2018-09-09,sports_leisure::SP,sports_leisure,SP,SP,6.99,592.56,87.72,84.78
2018-09-10,sports_leisure::SP,sports_leisure,SP,SP,15.79,1338.86,198.19,84.78
2018-09-11,sports_leisure::SP,sports_leisure,SP,SP,15.3,1297.02,192.0,84.78
2018-09-12,sports_leisure::SP,sports_leisure,SP,SP,14.55,1233.62,182.62,84.78
2018-09-13,sports_leisure::SP,sports_leisure,SP,SP,14.25,1208.19,178.85,84.78
2018-09-14,sports_leisure::SP,sports_leisure,SP,SP,11.61,984.05,145.67,84.78
2018-09-15,sports_leisure::SP,sports_leisure,SP,SP,8.06,682.99,101.11,84.78
2018-09-16,sports_leisure::SP,sports_leisure,SP,SP,8.09,685.77,101.52,84.78
2018-09-17,sports_leisure::SP,sports_leisure,SP,SP,14.41,1221.21,180.78,84.78
2018-09-18,sports_leisure::SP,sports_leisure,SP,SP,16.34,1385.24,205.06,84.78
2018-09-19,sports_leisure::SP,sports_leisure,SP,SP,14.18,1201.9,177.92,84.78
2018-09-20,sports_leisure::SP,sports_leisure,SP,SP,14.07,1193.05,176.61,84.78
2018-09-21,sports_leisure::SP,sports_leisure,SP,SP,11.77,997.39,147.65,84.78
2018-09-22,sports_leisure::SP,sports_leisure,SP,SP,7.59,643.67,95.28,84.78
2018-09-23,sports_leisure::SP,sports_leisure,SP,SP,8.51,721.18,106.76,84.78
2018-09-24,sports_leisure::SP,sports_leisure,SP,SP,14.79,1253.81,185.61,84.78
2018-09-25,sports_leisure::SP,sports_leisure,SP,SP,14.01,1188.0,175.86,84.78
2018-09-26,sports_leisure::SP,sports_leisure,SP,SP,14.75,1250.46,185.11,84.78
2018-08-30,stationery::SP,stationery,SP,SP,3.44,272.57,52.14,79.22
2018-08-31,stationery::SP,stationery,SP,SP,3.2,253.53,48.5,79.22
2018-09-01,stationery::SP,stationery,SP,SP,2.91,230.64,44.12,79.22
2018-09-02,stationery::SP,stationery,SP,SP,2.94,232.99,44.57,79.22
2018-09-03,stationery::SP,stationery,SP,SP,4.17,330.67,63.25,79.22
2018-09-04,stationery::SP,stationery,SP,SP,4.75,376.23,71.97,79.22
2018-09-05,stationery::SP,stationery,SP,SP,4.84,383.6,73.38,79.22
2018-09-06,stationery::SP,stationery,SP,SP,4.49,355.89,68.08,79.22
2018-09-07,stationery::SP,stationery,SP,SP,4.31,341.18,65.26,79.22
2018-09-08,stationery::SP,stationery,SP,SP,3.9,308.58,59.03,79.22
2018-09-09,stationery::SP,stationery,SP,SP,4.02,318.09,60.85,79.22
2018-09-10,stationery::SP,stationery,SP,SP,5.89,466.83,89.3,79.22
2018-09-11,stationery::SP,stationery,SP,SP,5.99,474.54,90.77,79.22
2018-09-12,stationery::SP,stationery,SP,SP,6.2,491.28,93.98,79.22
2018-09-13,stationery::SP,stationery,SP,SP,5.49,434.61,83.14,79.22
2018-09-14,stationery::SP,stationery,SP,SP,5.04,399.27,76.38,79.22
2018-09-15,stationery::SP,stationery,SP,SP,4.53,359.06,68.68,79.22
2018-09-16,stationery::SP,stationery,SP,SP,4.61,365.06,69.83,79.22
2018-09-17,stationery::SP,stationery,SP,SP,6.44,510.15,97.59,79.22
2018-09-18,stationery::SP,stationery,SP,SP,7.01,555.04,106.17,79.22
2018-09-19,stationery::SP,stationery,SP,SP,7.14,565.87,108.24,79.22
2018-09-20,stationery::SP,stationery,SP,SP,7.14,565.46,108.17,79.22
2018-09-21,stationery::SP,stationery,SP,SP,7.05,558.61,106.86,79.22
2018-09-22,stationery::SP,stationery,SP,SP,6.28,497.63,95.19,79.22
2018-09-23,stationery::SP,stationery,SP,SP,6.3,499.01,95.46,79.22
2018-09-24,stationery::SP,stationery,SP,SP,9.2,728.71,139.39,79.22
2018-09-25,stationery::SP,stationery,SP,SP,8.94,707.92,135.42,79.22
2018-09-26,stationery::SP,stationery,SP,SP,10.06,797.07,152.47,79.22
2018-08-30,telephony::MG,telephony,MG,MG,0.77,23.18,4.29,29.95
2018-08-31,telephony::MG,telephony,MG,MG,0.74,22.07,4.09,29.95
2018-09-01,telephony::MG,telephony,MG,MG,0.66,19.69,3.65,29.95
2018-09-02,telephony::MG,telephony,MG,MG,0.66,19.72,3.65,29.95
2018-09-03,telephony::MG,telephony,MG,MG,0.83,24.86,4.6,29.95
2018-09-04,telephony::MG,telephony,MG,MG,0.87,26.16,4.84,29.95
2018-09-05,telephony::MG,telephony,MG,MG,0.84,25.19,4.66,29.95
2018-09-06,telephony::MG,telephony,MG,MG,0.86,25.63,4.75,29.95
2018-09-07,telephony::MG,telephony,MG,MG,0.83,24.91,4.61,29.95
2018-09-08,telephony::MG,telephony,MG,MG,0.69,20.77,3.85,29.95
2018-09-09,telephony::MG,telephony,MG,MG,0.7,20.94,3.88,29.95
2018-09-10,telephony::MG,telephony,MG,MG,0.9,26.99,5.0,29.95
2018-09-11,telephony::MG,telephony,MG,MG,0.92,27.56,5.1,29.95
2018-09-12,telephony::MG,telephony,MG,MG,0.84,25.22,4.67,29.95
2018-09-13,telephony::MG,telephony,MG,MG,0.79,23.73,4.39,29.95
2018-09-14,telephony::MG,telephony,MG,MG,0.75,22.57,4.18,29.95
2018-09-15,telephony::MG,telephony,MG,MG,0.65,19.34,3.58,29.95
2018-09-16,telephony::MG,telephony,MG,MG,0.65,19.51,3.61,29.95
2018-09-17,telephony::MG,telephony,MG,MG,0.83,24.78,4.59,29.95
2018-09-18,telephony::MG,telephony,MG,MG,0.81,24.36,4.51,29.95
2018-09-19,telephony::MG,telephony,MG,MG,0.73,22.01,4.08,29.95
2018-09-20,telephony::MG,telephony,MG,MG,0.73,21.88,4.05,29.95
2018-09-21,telephony::MG,telephony,MG,MG,0.71,21.16,3.92,29.95
2018-09-22,telephony::MG,telephony,MG,MG,0.63,18.91,3.5,29.95
2018-09-23,telephony::MG,telephony,MG,MG,0.64,19.21,3.56,29.95
2018-09-24,telephony::MG,telephony,MG,MG,0.84,25.14,4.65,29.95
2018-09-25,telephony::MG,telephony,MG,MG,0.84,25.14,4.65,29.95
2018-09-26,telephony::MG,telephony,MG,MG,0.78,23.37,4.33,29.95
2018-08-30,telephony::RJ,telephony,RJ,RJ,0.95,29.43,4.8,30.95
2018-08-31,telephony::RJ,telephony,RJ,RJ,0.9,27.92,4.55,30.95
2018-09-01,telephony::RJ,telephony,RJ,RJ,0.81,25.21,4.11,30.95
2018-09-02,telephony::RJ,telephony,RJ,RJ,0.88,27.36,4.46,30.95
2018-09-03,telephony::RJ,telephony,RJ,RJ,1.15,35.57,5.8,30.95
2018-09-04,telephony::RJ,telephony,RJ,RJ,1.17,36.18,5.9,30.95
2018-09-05,telephony::RJ,telephony,RJ,RJ,0.99,30.53,4.98,30.95
2018-09-06,telephony::RJ,telephony,RJ,RJ,0.94,29.05,4.74,30.95
2018-09-07,telephony::RJ,telephony,RJ,RJ,1.03,31.78,5.18,30.95
2018-09-08,telephony::RJ,telephony,RJ,RJ,0.8,24.72,4.03,30.95
2018-09-09,telephony::RJ,telephony,RJ,RJ,0.75,23.09,3.77,30.95
2018-09-10,telephony::RJ,telephony,RJ,RJ,1.06,32.66,5.33,30.95
2018-09-11,telephony::RJ,telephony,RJ,RJ,1.01,31.4,5.12,30.95
2018-09-12,telephony::RJ,telephony,RJ,RJ,0.92,28.62,4.67,30.95
2018-09-13,telephony::RJ,telephony,RJ,RJ,0.88,27.16,4.43,30.95
2018-09-14,telephony::RJ,telephony,RJ,RJ,0.82,25.34,4.13,30.95
2018-09-15,telephony::RJ,telephony,RJ,RJ,0.77,23.84,3.89,30.95
2018-09-16,telephony::RJ,telephony,RJ,RJ,0.7,21.71,3.54,30.95
2018-09-17,telephony::RJ,telephony,RJ,RJ,0.97,30.02,4.9,30.95
2018-09-18,telephony::RJ,telephony,RJ,RJ,0.97,30.02,4.9,30.95
2018-09-19,telephony::RJ,telephony,RJ,RJ,0.84,26.1,4.26,30.95
2018-09-20,telephony::RJ,telephony,RJ,RJ,0.77,23.9,3.9,30.95
2018-09-21,telephony::RJ,telephony,RJ,RJ,0.77,23.74,3.87,30.95
2018-09-22,telephony::RJ,telephony,RJ,RJ,0.67,20.74,3.38,30.95
2018-09-23,telephony::RJ,telephony,RJ,RJ,0.68,20.92,3.41,30.95
2018-09-24,telephony::RJ,telephony,RJ,RJ,0.95,29.27,4.77,30.95
2018-09-25,telephony::RJ,telephony,RJ,RJ,1.06,32.93,5.37,30.95
2018-09-26,telephony::RJ,telephony,RJ,RJ,1.0,30.83,5.03,30.95
2018-08-30,telephony::SP,telephony,SP,SP,2.82,84.43,12.3,29.9
2018-08-31,telephony::SP,telephony,SP,SP,2.73,81.73,11.91,29.9
2018-09-01,telephony::SP,telephony,SP,SP,2.24,66.93,9.75,29.9
2018-09-02,telephony::SP,telephony,SP,SP,2.13,63.59,9.26,29.9
2018-09-03,telephony::SP,telephony,SP,SP,3.19,95.37,13.89,29.9
2018-09-04,telephony::SP,telephony,SP,SP,3.35,100.07,14.58,29.9
2018-09-05,telephony::SP,telephony,SP,SP,3.2,95.61,13.93,29.9
2018-09-06,telephony::SP,telephony,SP,SP,4.01,119.94,17.47,29.9
2018-09-07,telephony::SP,telephony,SP,SP,3.73,111.39,16.23,29.9
2018-09-08,telephony::SP,telephony,SP,SP,3.09,92.27,13.44,29.9
2018-09-09,telephony::SP,telephony,SP,SP,3.17,94.73,13.8,29.9
2018-09-10,telephony::SP,telephony,SP,SP,4.23,126.39,18.41,29.9
2018-09-11,telephony::SP,telephony,SP,SP,4.2,125.7,18.31,29.9
2018-09-12,telephony::SP,telephony,SP,SP,3.99,119.37,17.39,29.9
2018-09-13,telephony::SP,telephony,SP,SP,4.17,124.68,18.16,29.9
2018-09-14,telephony::SP,telephony,SP,SP,3.87,115.7,16.85,29.9
2018-09-15,telephony::SP,telephony,SP,SP,3.15,94.29,13.74,29.9
2018-09-16,telephony::SP,telephony,SP,SP,3.25,97.11,14.15,29.9
2018-09-17,telephony::SP,telephony,SP,SP,4.47,133.56,19.46,29.9
2018-09-18,telephony::SP,telephony,SP,SP,4.51,134.79,19.64,29.9
2018-09-19,telephony::SP,telephony,SP,SP,4.38,131.04,19.09,29.9
2018-09-20,telephony::SP,telephony,SP,SP,4.42,132.21,19.26,29.9
2018-09-21,telephony::SP,telephony,SP,SP,3.99,119.39,17.39,29.9
2018-09-22,telephony::SP,telephony,SP,SP,3.48,104.09,15.16,29.9
2018-09-23,telephony::SP,telephony,SP,SP,3.54,105.78,15.41,29.9
2018-09-24,telephony::SP,telephony,SP,SP,4.86,145.32,21.17,29.9
2018-09-25,telephony::SP,telephony,SP,SP,4.88,145.9,21.25,29.9
2018-09-26,telephony::SP,telephony,SP,SP,5.64,168.78,24.59,29.9
2018-08-30,toys::MG,toys,MG,MG,0.7,72.93,14.05,104.9
2018-08-31,toys::MG,toys,MG,MG,0.7,73.62,14.19,104.9
2018-09-01,toys::MG,toys,MG,MG,0.62,64.83,12.49,104.9
2018-09-02,toys::MG,toys,MG,MG,0.64,66.77,12.87,104.9
2018-09-03,toys::MG,toys,MG,MG,0.84,88.43,17.04,104.9
2018-09-04,toys::MG,toys,MG,MG,0.84,88.43,17.04,104.9
2018-09-05,toys::MG,toys,MG,MG,0.78,82.03,15.81,104.9
2018-09-06,toys::MG,toys,MG,MG,0.76,79.51,15.32,104.9
2018-09-07,toys::MG,toys,MG,MG,0.72,75.17,14.49,104.9
2018-09-08,toys::MG,toys,MG,MG,0.66,69.07,13.31,104.9
2018-09-09,toys::MG,toys,MG,MG,0.68,71.45,13.77,104.9
2018-09-10,toys::MG,toys,MG,MG,0.89,93.23,17.97,104.9
2018-09-11,toys::MG,toys,MG,MG,0.89,93.23,17.97,104.9
2018-09-12,toys::MG,toys,MG,MG,0.84,88.64,17.08,104.9
2018-09-13,toys::MG,toys,MG,MG,0.83,87.46,16.86,104.9
2018-09-14,toys::MG,toys,MG,MG,0.84,88.17,16.99,104.9
2018-09-15,toys::MG,toys,MG,MG,0.75,78.88,15.2,104.9
2018-09-16,toys::MG,toys,MG,MG,0.76,79.46,15.31,104.9
2018-09-17,toys::MG,toys,MG,MG,1.0,104.63,20.16,104.9
2018-09-18,toys::MG,toys,MG,MG,1.0,104.63,20.16,104.9
2018-09-19,toys::MG,toys,MG,MG,0.88,91.88,17.71,104.9
2018-09-20,toys::MG,toys,MG,MG,0.88,92.51,17.83,104.9
2018-09-21,toys::MG,toys,MG,MG,0.84,88.17,16.99,104.9
2018-09-22,toys::MG,toys,MG,MG,0.73,77.08,14.86,104.9
2018-09-23,toys::MG,toys,MG,MG,0.74,78.11,15.05,104.9
2018-09-24,toys::MG,toys,MG,MG,1.01,105.59,20.35,104.9
2018-09-25,toys::MG,toys,MG,MG,1.03,107.58,20.73,104.9
2018-09-26,toys::MG,toys,MG,MG,0.92,96.63,18.62,104.9
2018-08-30,toys::SP,toys,SP,SP,3.92,373.92,59.66,95.44
2018-08-31,toys::SP,toys,SP,SP,4.13,394.25,62.91,95.44
2018-09-01,toys::SP,toys,SP,SP,3.08,294.32,46.96,95.44
2018-09-02,toys::SP,toys,SP,SP,3.2,305.6,48.76,95.44
2018-09-03,toys::SP,toys,SP,SP,5.4,515.54,82.26,95.44
2018-09-04,toys::SP,toys,SP,SP,5.25,500.82,79.91,95.44
2018-09-05,toys::SP,toys,SP,SP,5.04,481.1,76.77,95.44
2018-09-06,toys::SP,toys,SP,SP,5.21,497.33,79.36,95.44
2018-09-07,toys::SP,toys,SP,SP,4.87,464.62,74.14,95.44
2018-09-08,toys::SP,toys,SP,SP,4.43,423.12,67.51,95.44
2018-09-09,toys::SP,toys,SP,SP,4.7,448.24,71.52,95.44
2018-09-10,toys::SP,toys,SP,SP,7.16,683.44,109.05,95.44
2018-09-11,toys::SP,toys,SP,SP,7.2,687.35,109.68,95.44
2018-09-12,toys::SP,toys,SP,SP,7.14,681.72,108.78,95.44
2018-09-13,toys::SP,toys,SP,SP,7.38,704.83,112.47,95.44
2018-09-14,toys::SP,toys,SP,SP,7.16,683.83,109.11,95.44
2018-09-15,toys::SP,toys,SP,SP,6.13,584.84,93.32,95.44
2018-09-16,toys::SP,toys,SP,SP,6.38,608.85,97.15,95.44
2018-09-17,toys::SP,toys,SP,SP,8.82,841.8,134.32,95.44
2018-09-18,toys::SP,toys,SP,SP,8.84,844.11,134.69,95.44
2018-09-19,toys::SP,toys,SP,SP,8.93,852.5,136.03,95.44
2018-09-20,toys::SP,toys,SP,SP,8.45,806.11,128.63,95.44
2018-09-21,toys::SP,toys,SP,SP,7.38,704.74,112.45,95.44
2018-09-22,toys::SP,toys,SP,SP,6.47,617.72,98.56,95.44
2018-09-23,toys::SP,toys,SP,SP,6.64,633.45,101.08,95.44
2018-09-24,toys::SP,toys,SP,SP,9.88,943.18,150.5,95.44
2018-09-25,toys::SP,toys,SP,SP,10.32,985.4,157.23,95.44
2018-09-26,toys::SP,toys,SP,SP,11.95,1140.69,182.01,95.44
2018-08-30,unknown::SP,unknown,SP,SP,0.79,39.58,8.37,49.99
2018-08-31,unknown::SP,unknown,SP,SP,0.8,39.9,8.44,49.99
2018-09-01,unknown::SP,unknown,SP,SP,0.73,36.62,7.75,49.99
2018-09-02,unknown::SP,unknown,SP,SP,0.75,37.49,7.93,49.99
2018-09-03,unknown::SP,unknown,SP,SP,0.95,47.35,10.02,49.99
2018-09-04,unknown::SP,unknown,SP,SP,0.94,46.96,9.94,49.99
2018-09-05,unknown::SP,unknown,SP,SP,0.87,43.44,9.19,49.99
2018-09-06,unknown::SP,unknown,SP,SP,0.87,43.44,9.19,49.99
2018-09-07,unknown::SP,unknown,SP,SP,0.83,41.5,8.78,49.99
2018-09-08,unknown::SP,unknown,SP,SP,0.73,36.6,7.74,49.99
2018-09-09,unknown::SP,unknown,SP,SP,0.74,36.88,7.8,49.99
2018-09-10,unknown::SP,unknown,SP,SP,0.95,47.33,10.01,49.99
2018-09-11,unknown::SP,unknown,SP,SP,0.96,48.06,10.17,49.99
2018-09-12,unknown::SP,unknown,SP,SP,0.9,44.74,9.47,49.99
2018-09-13,unknown::SP,unknown,SP,SP,0.86,42.85,9.07,49.99
2018-09-14,unknown::SP,unknown,SP,SP,0.83,41.64,8.81,49.99
2018-09-15,unknown::SP,unknown,SP,SP,0.76,38.14,8.07,49.99
2018-09-16,unknown::SP,unknown,SP,SP,0.77,38.41,8.13,49.99
2018-09-17,unknown::SP,unknown,SP,SP,0.99,49.38,10.45,49.99
2018-09-18,unknown::SP,unknown,SP,SP,1.01,50.32,10.65,49.99
2018-09-19,unknown::SP,unknown,SP,SP,0.94,47.01,9.95,49.99
2018-09-20,unknown::SP,unknown,SP,SP,0.9,45.11,9.55,49.99
2018-09-21,unknown::SP,unknown,SP,SP,0.88,43.9,9.29,49.99
2018-09-22,unknown::SP,unknown,SP,SP,0.81,40.52,8.57,49.99
2018-09-23,unknown::SP,unknown,SP,SP,0.9,45.11,9.54,49.99
2018-09-24,unknown::SP,unknown,SP,SP,1.18,58.86,12.45,49.99
2018-09-25,unknown::SP,unknown,SP,SP,1.07,53.49,11.32,49.99
2018-09-26,unknown::SP,unknown,SP,SP,1.12,56.01,11.85,49.99
2018-08-30,watches_gifts::MG,watches_gifts,MG,MG,1.41,207.56,21.45,147.0
2018-08-31,watches_gifts::MG,watches_gifts,MG,MG,1.32,193.79,20.02,147.0
2018-09-01,watches_gifts::MG,watches_gifts,MG,MG,1.07,157.2,16.24,147.0
2018-09-02,watches_gifts::MG,watches_gifts,MG,MG,1.11,163.15,16.86,147.0
2018-09-03,watches_gifts::MG,watches_gifts,MG,MG,1.42,208.75,21.57,147.0
2018-09-04,watches_gifts::MG,watches_gifts,MG,MG,1.19,175.47,18.13,147.0
2018-09-05,watches_gifts::MG,watches_gifts,MG,MG,1.15,168.79,17.44,147.0
2018-09-06,watches_gifts::MG,watches_gifts,MG,MG,1.21,177.17,18.31,147.0
2018-09-07,watches_gifts::MG,watches_gifts,MG,MG,1.08,159.47,16.48,147.0
2018-09-08,watches_gifts::MG,watches_gifts,MG,MG,0.93,136.84,14.14,147.0
2018-09-09,watches_gifts::MG,watches_gifts,MG,MG,0.92,135.13,13.96,147.0
2018-09-10,watches_gifts::MG,watches_gifts,MG,MG,1.24,182.55,18.86,147.0
2018-09-11,watches_gifts::MG,watches_gifts,MG,MG,1.36,199.97,20.66,147.0
2018-09-12,watches_gifts::MG,watches_gifts,MG,MG,1.17,171.43,17.71,147.0
2018-09-13,watches_gifts::MG,watches_gifts,MG,MG,1.12,164.61,17.01,147.0
2018-09-14,watches_gifts::MG,watches_gifts,MG,MG,1.08,159.47,16.48,147.0
2018-09-15,watches_gifts::MG,watches_gifts,MG,MG,0.93,136.84,14.14,147.0
2018-09-16,watches_gifts::MG,watches_gifts,MG,MG,0.92,135.13,13.96,147.0
2018-09-17,watches_gifts::MG,watches_gifts,MG,MG,1.26,185.07,19.12,147.0
2018-09-18,watches_gifts::MG,watches_gifts,MG,MG,1.24,182.55,18.86,147.0
2018-09-19,watches_gifts::MG,watches_gifts,MG,MG,1.17,171.43,17.71,147.0
2018-09-20,watches_gifts::MG,watches_gifts,MG,MG,1.14,167.26,17.28,147.0
2018-09-21,watches_gifts::MG,watches_gifts,MG,MG,1.16,169.79,17.55,147.0
2018-09-22,watches_gifts::MG,watches_gifts,MG,MG,0.93,136.96,14.15,147.0
2018-09-23,watches_gifts::MG,watches_gifts,MG,MG,0.99,145.45,15.03,147.0
2018-09-24,watches_gifts::MG,watches_gifts,MG,MG,1.34,197.45,20.4,147.0
2018-09-25,watches_gifts::MG,watches_gifts,MG,MG,1.44,212.32,21.94,147.0
2018-09-26,watches_gifts::MG,watches_gifts,MG,MG,1.33,196.04,20.26,147.0
2018-08-30,watches_gifts::PR,watches_gifts,PR,PR,0.99,193.99,19.05,195.07
2018-08-31,watches_gifts::PR,watches_gifts,PR,PR,0.81,158.93,15.61,195.07
2018-09-01,watches_gifts::PR,watches_gifts,PR,PR,0.71,138.28,13.58,195.07
2018-09-02,watches_gifts::PR,watches_gifts,PR,PR,0.71,139.36,13.69,195.07
2018-09-03,watches_gifts::PR,watches_gifts,PR,PR,0.8,155.23,15.24,195.07
2018-09-04,watches_gifts::PR,watches_gifts,PR,PR,0.82,160.33,15.75,195.07
2018-09-05,watches_gifts::PR,watches_gifts,PR,PR,0.84,163.27,16.03,195.07
2018-09-06,watches_gifts::PR,watches_gifts,PR,PR,0.87,170.46,16.74,195.07
2018-09-07,watches_gifts::PR,watches_gifts,PR,PR,0.85,165.75,16.28,195.07
2018-09-08,watches_gifts::PR,watches_gifts,PR,PR,0.73,141.78,13.92,195.07
2018-09-09,watches_gifts::PR,watches_gifts,PR,PR,0.75,146.21,14.36,195.07
2018-09-10,watches_gifts::PR,watches_gifts,PR,PR,0.89,173.54,17.04,195.07
2018-09-11,watches_gifts::PR,watches_gifts,PR,PR,0.89,173.54,17.04,195.07
2018-09-12,watches_gifts::PR,watches_gifts,PR,PR,0.89,172.65,16.96,195.07
2018-09-13,watches_gifts::PR,watches_gifts,PR,PR,0.82,160.8,15.79,195.07
2018-09-14,watches_gifts::PR,watches_gifts,PR,PR,0.8,156.09,15.33,195.07
2018-09-15,watches_gifts::PR,watches_gifts,PR,PR,0.73,141.78,13.92,195.07
2018-09-16,watches_gifts::PR,watches_gifts,PR,PR,0.73,142.86,14.03,195.07
2018-09-17,watches_gifts::PR,watches_gifts,PR,PR,0.89,173.54,17.04,195.07
2018-09-18,watches_gifts::PR,watches_gifts,PR,PR,0.87,170.19,16.71,195.07
2018-09-19,watches_gifts::PR,watches_gifts,PR,PR,0.87,169.3,16.63,195.07
2018-09-20,watches_gifts::PR,watches_gifts,PR,PR,0.88,172.24,16.92,195.07
2018-09-21,watches_gifts::PR,watches_gifts,PR,PR,0.89,174.58,17.15,195.07
2018-09-22,watches_gifts::PR,watches_gifts,PR,PR,0.77,149.67,14.7,195.07
2018-09-23,watches_gifts::PR,watches_gifts,PR,PR,0.74,143.7,14.11,195.07
2018-09-24,watches_gifts::PR,watches_gifts,PR,PR,0.92,179.01,17.58,195.07
2018-09-25,watches_gifts::PR,watches_gifts,PR,PR,0.92,179.01,17.58,195.07
2018-09-26,watches_gifts::PR,watches_gifts,PR,PR,0.95,186.04,18.27,195.07
2018-08-30,watches_gifts::RJ,watches_gifts,RJ,RJ,1.77,295.8,24.96,166.86
2018-08-31,watches_gifts::RJ,watches_gifts,RJ,RJ,1.73,288.23,24.33,166.86
2018-09-01,watches_gifts::RJ,watches_gifts,RJ,RJ,1.67,278.01,23.46,166.86
2018-09-02,watches_gifts::RJ,watches_gifts,RJ,RJ,1.67,278.83,23.53,166.86
2018-09-03,watches_gifts::RJ,watches_gifts,RJ,RJ,2.1,350.58,29.59,166.86
2018-09-04,watches_gifts::RJ,watches_gifts,RJ,RJ,2.21,368.81,31.13,166.86
2018-09-05,watches_gifts::RJ,watches_gifts,RJ,RJ,1.94,323.18,27.27,166.86
2018-09-06,watches_gifts::RJ,watches_gifts,RJ,RJ,1.96,327.03,27.6,166.86
2018-09-07,watches_gifts::RJ,watches_gifts,RJ,RJ,1.9,317.19,26.77,166.86
2018-09-08,watches_gifts::RJ,watches_gifts,RJ,RJ,1.63,271.63,22.92,166.86
2018-09-09,watches_gifts::RJ,watches_gifts,RJ,RJ,1.63,272.55,23.0,166.86
2018-09-10,watches_gifts::RJ,watches_gifts,RJ,RJ,2.13,354.85,29.95,166.86
2018-09-11,watches_gifts::RJ,watches_gifts,RJ,RJ,2.12,353.74,29.85,166.86
2018-09-12,watches_gifts::RJ,watches_gifts,RJ,RJ,1.98,330.65,27.91,166.86
2018-09-13,watches_gifts::RJ,watches_gifts,RJ,RJ,2.01,335.62,28.32,166.86
2018-09-14,watches_gifts::RJ,watches_gifts,RJ,RJ,1.78,296.5,25.02,166.86
2018-09-15,watches_gifts::RJ,watches_gifts,RJ,RJ,1.5,249.5,21.06,166.86
2018-09-16,watches_gifts::RJ,watches_gifts,RJ,RJ,1.63,271.44,22.91,166.86
2018-09-17,watches_gifts::RJ,watches_gifts,RJ,RJ,2.12,353.74,29.85,166.86
2018-09-18,watches_gifts::RJ,watches_gifts,RJ,RJ,2.12,353.74,29.85,166.86
2018-09-19,watches_gifts::RJ,watches_gifts,RJ,RJ,1.98,330.65,27.91,166.86
2018-09-20,watches_gifts::RJ,watches_gifts,RJ,RJ,1.97,328.78,27.75,166.86
2018-09-21,watches_gifts::RJ,watches_gifts,RJ,RJ,1.9,317.19,26.77,166.86
2018-09-22,watches_gifts::RJ,watches_gifts,RJ,RJ,1.61,268.77,22.68,166.86
2018-09-23,watches_gifts::RJ,watches_gifts,RJ,RJ,1.73,288.1,24.31,166.86
2018-09-24,watches_gifts::RJ,watches_gifts,RJ,RJ,2.57,428.3,36.15,166.86
2018-09-25,watches_gifts::RJ,watches_gifts,RJ,RJ,3.02,504.1,42.54,166.86
2018-09-26,watches_gifts::RJ,watches_gifts,RJ,RJ,3.07,511.53,43.17,166.86
2018-08-30,watches_gifts::SP,watches_gifts,SP,SP,7.83,1409.43,105.75,180.02
2018-08-31,watches_gifts::SP,watches_gifts,SP,SP,6.52,1172.88,88.0,180.02
2018-09-01,watches_gifts::SP,watches_gifts,SP,SP,5.89,1060.66,79.58,180.02
2018-09-02,watches_gifts::SP,watches_gifts,SP,SP,5.65,1016.97,76.3,180.02
2018-09-03,watches_gifts::SP,watches_gifts,SP,SP,8.84,1591.98,119.44,180.02
2018-09-04,watches_gifts::SP,watches_gifts,SP,SP,8.87,1597.05,119.82,180.02
2018-09-05,watches_gifts::SP,watches_gifts,SP,SP,9.18,1653.28,124.04,180.02
2018-09-06,watches_gifts::SP,watches_gifts,SP,SP,8.81,1586.78,119.05,180.02
2018-09-07,watches_gifts::SP,watches_gifts,SP,SP,6.95,1250.53,93.82,180.02
2018-09-08,watches_gifts::SP,watches_gifts,SP,SP,5.91,1063.6,79.8,180.02
2018-09-09,watches_gifts::SP,watches_gifts,SP,SP,6.15,1107.18,83.07,180.02
2018-09-10,watches_gifts::SP,watches_gifts,SP,SP,9.44,1698.91,127.46,180.02
2018-09-11,watches_gifts::SP,watches_gifts,SP,SP,9.34,1682.18,126.21,180.02
2018-09-12,watches_gifts::SP,watches_gifts,SP,SP,9.26,1666.81,125.06,180.02
2018-09-13,watches_gifts::SP,watches_gifts,SP,SP,9.19,1653.54,124.06,180.02
2018-09-14,watches_gifts::SP,watches_gifts,SP,SP,7.04,1267.52,95.1,180.02
2018-09-15,watches_gifts::SP,watches_gifts,SP,SP,6.13,1102.72,82.73,180.02
2018-09-16,watches_gifts::SP,watches_gifts,SP,SP,6.68,1202.55,90.22,180.02
2018-09-17,watches_gifts::SP,watches_gifts,SP,SP,10.65,1916.65,143.8,180.02
2018-09-18,watches_gifts::SP,watches_gifts,SP,SP,10.65,1917.4,143.86,180.02
2018-09-19,watches_gifts::SP,watches_gifts,SP,SP,10.58,1905.32,142.95,180.02
2018-09-20,watches_gifts::SP,watches_gifts,SP,SP,10.57,1903.39,142.81,180.02
2018-09-21,watches_gifts::SP,watches_gifts,SP,SP,7.48,1346.84,101.05,180.02
2018-09-22,watches_gifts::SP,watches_gifts,SP,SP,6.17,1110.47,83.32,180.02
2018-09-23,watches_gifts::SP,watches_gifts,SP,SP,6.39,1149.78,86.26,180.02
2018-09-24,watches_gifts::SP,watches_gifts,SP,SP,10.94,1968.63,147.7,180.02
2018-09-25,watches_gifts::SP,watches_gifts,SP,SP,10.73,1931.88,144.94,180.02
2018-09-26,watches_gifts::SP,watches_gifts,SP,SP,10.24,1844.13,138.36,180.02
