seller_id,seller_state,seller_city,orders,avg_delivery_risk_score,late_delivery_rate,total_revenue,total_freight
b1b3948701c5c72445495bd161b83a4c,SP,sao paulo,14,28.09,0.6429,21519.5,404.75
4e5725ba188db8252977a4f0227bd462,SP,ribeirao preto,21,24.94,0.2857,1865.09,364.27
821fb029fc6e495ca4f08a35d51e53a5,SP,sao paulo,24,24.35,0.375,17851.62,1365.55
3e8bd881d92466e63ba9e3e809cd3c50,RJ,rio de janeiro,8,22.82,0.375,1862.38,187.43
712e6ed8aa4aa1fa65dab41fed5737e4,SC,videira,77,20.74,0.2208,39385.0,6764.82
d3dcf0604eabf0224fbd5948b5e02f69,SP,sao paulo,9,20.57,0.3333,2902.3,165.11
06a2c3af7b3aee5d69171b0e14f0ee87,MA,sao luis,388,20.49,0.232,36030.99,12042.63
ff69aa92bb6b1bf9b8b7a51c2ed9cf8b,SP,sao paulo,20,20.28,0.25,21940.8,1754.4
2379bdc3888025689a9deb7b141507d5,SP,mogi mirim,9,20.19,0.3333,999.5,126.11
6bb0724edf0b62fb91ac404873a97241,SP,cotia,17,20.05,0.1765,3653.0,763.52
ad781527c93d00d89a11eecd9dcad7c1,SP,sao jose do rio preto,35,19.98,0.3429,6118.65,1935.98
655220df33262c7e0c4949a147366f94,SP,diadema,13,19.55,0.1538,2245.0,681.53
b0b346d3a89f5eb4c2968af3f083cd43,SP,campinas,9,19.53,0.4444,469.0,160.7
c35affa65afd250151285c5917fc1c8a,SP,sao paluo,8,18.9,0.125,4779.92,644.84
3a1a1fec38dd360f15fc912e821e169d,SP,sao paulo,15,18.76,0.2667,2073.38,405.23
f5f1f2c5f923f36ad79ea1d07185ddc9,SP,taruma,10,18.32,0.1,1517.77,173.73
7bac63f6603d382cc8d0832eb6c100a8,SP,sao paulo,19,18.17,0.1579,7751.95,362.65
4091f77d8c768fc3e81c20761471761d,SP,sao paulo,8,18.11,0.25,1079.0,230.87
ede0c03645598cdfc63ca8237acbe73d,SP,ribeirao preto,43,17.97,0.3488,2352.15,708.3
26e2c91ef821e1ff8985f408788fe35b,SP,ibitinga,12,17.94,0.4167,1649.4,274.47
2a261b5b644fa05f4f2700eb93544f2c,SP,porto ferreira,47,17.69,0.2128,5180.0,1905.08
54965bbe3e4f07ae045b90b0b8541f52,PR,foz do iguacu,72,17.48,0.3056,10191.7,2055.18
e64d65bc8dbec2accda90c58de5d1246,SP,rio claro,12,17.32,0.3333,1678.8,221.16
c500367424994318b9e779ff1ae9a330,SP,paulinia,9,17.29,0.1111,4346.4,311.99
eb3071b9f0b0ddaa2df5ea130f09f26b,SP,sao paulo,9,16.98,0.1111,6230.0,581.42
2a61c271b1ac763450d846849783e922,SP,santo andre,17,16.96,0.1765,1486.77,482.27
dd55f1bb788714a40e7954c3be6df745,SP,sao paulo,35,16.9,0.1714,7041.76,659.42
40db9e9aa57f7bb151bcda6b0f9bdbb7,PE,recife,12,16.88,0.0833,23168.0,655.99
0ffa40d54288e4f3499b8780dd0f144f,SP,presidente prudente,33,16.51,0.1515,2162.8,583.67
fec6275253471ace26d209bbaa64cd0f,RJ,nova friburgo,9,16.4,0.0,2840.0,355.67
226b05fe067266c59c15dae208213d06,PR,curitiba,10,16.33,0.0,1056.9,188.68
b2c97074649f92197d9387d9033dda5f,SP,botucatu,10,16.18,0.1,684.71,279.37
6ec1a01e866584bb679eb9b098345919,SP,santos,30,16.16,0.2,4014.81,821.24
8ff1a9df749e454105c55cda13e79143,SP,marilia,13,16.01,0.0,1433.6,303.51
851773c885feb5e2da3b4f82bc2b17ce,SP,lencois paulista,10,15.94,0.2,585.3,251.83
3b872fd4747f01cc56206f2934198618,SP,ibitinga,25,15.83,0.16,2726.74,1116.37
2156f2671501a81034d7d07f217609d0,SP,sp,21,15.78,0.1429,2909.5,393.49
03a2a6dcbe45d639c4dc2a0d24769c40,SP,maua,9,15.72,0.1111,1078.41,172.25
c6a7539d424a8402232c2228d7a03c5e,SP,sao paulo,10,15.68,0.1,607.5,393.82
4559697a8f7e637227c2eeaed843baff,SP,presidente prudente,39,15.68,0.0769,3486.3,703.22
02dcd3e8e25bee036e32512bcf175493,MG,contagem,13,15.48,0.3077,1341.9,281.59
cf2384dd2f1dddea3f838efed0945e65,SP,serra negra,16,15.42,0.0,2101.5,433.44
f7ba60f8c3f99e7ee4042fdef03b70c4,SP,sao bernardo do campo,215,15.39,0.1581,67513.99,4408.2
822bad9bc42b51213ba522fe87b7ab5d,SC,balneario camboriu,17,15.32,0.2941,4881.0,516.24
2bf6a2c1e71bbd29a4ad64e6d3c3629f,RJ,nova friburgo,30,15.27,0.1,50628.9,1000.59
602044f2c16190c2c6e45eb35c2e21cb,SP,ibitinga,46,15.23,0.1957,3476.58,877.35
9539213aa8e023c01937bef95dc006da,SP,sao paulo,9,15.23,0.3333,229.1,89.94
f12ff17ad8bbf01ec5c33b17e506649b,SP,sao paulo,28,15.17,0.1071,6101.0,627.88
31ae0774c17fabd06ff707cc5bde005f,SP,americana,11,15.16,0.0909,6719.85,850.82
cb41bfbcbda0aea354a834ab222f9a59,SP,sao paulo,11,15.08,0.3636,3792.0,858.66
d5ba419e26d246a0719437cf37d9b46d,SP,sao paulo,33,15.08,0.1212,3939.49,521.39
6039e27294dc75811c0d8a39069f52c0,SP,osasco,62,15.05,0.2258,13420.9,2302.11
86bb7c4b535e49a541baf3266b1c95b1,SP,franca,16,14.96,0.1875,8162.4,324.82
95b293867b5862941c9cd74f756a3c68,SP,sao paulo,9,14.91,0.4444,648.1,98.12
218f991754f360af9c2daa5e0b8e990c,SP,sao paulo,14,14.66,0.1429,3554.32,265.22
f125f3a310c2e5f822d116147de1e474,SP,sao paulo,16,14.55,0.125,2761.4,287.89
0aea4c6ae1505b3228ddf3dd7822ee5b,SP,sorocaba,8,14.52,0.25,1427.91,151.75
ea566164622c6b439516ab18062c42cd,SP,sao  paulo,50,14.5,0.22,10309.42,858.56
2745f798279e0ed033addcc1474776d7,SP,sao paulo,31,14.47,0.0968,3578.63,672.75
3ade81dab5a172b88e1871c28ae05260,SP,sao jose do rio preto,28,14.44,0.1429,5406.5,1447.69
8e6d7754bc7e0f22c96d255ebda59eba,SP,sao jose dos campos,79,14.41,0.1772,13449.7,1628.39
e96498ed8daaa3e9c23f7a62da76591c,SP,sao paulo,34,14.38,0.1471,9619.09,713.1
7f152321c60a266edc53af1925ef96c1,SC,criciuma,20,14.34,0.3,4147.8,609.12
323ce52b5b81df2cd804b017b7f09aa7,SP,sao paulo,29,14.32,0.1724,2374.3,393.35
71039d19d4303bf9054d69e9a9236699,SP,sao paulo,34,14.3,0.2353,3507.3,597.85
2a1348e9addc1af5aaa619b1a3679d6b,MG,belo horizonte,48,14.28,0.2708,3041.25,821.55
1ca7077d890b907f89be8c954a02686a,SP,santana de parnaiba,107,14.27,0.2243,12454.44,1522.27
d9e7e7778b32987280a6f2cb9a39c57d,SP,sao paulo,11,14.25,0.3636,722.5,263.89
6e386f64c84e482f0b9abf960797ee1b,SP,sao paulo,29,14.2,0.1034,12209.3,611.51
9bc484c87d79cd4874e05ca182658045,SP,sao paulo,8,14.12,0.25,970.0,105.12
b18871c324516afa228a13e8f1ef0ae9,SP,sao paulo,9,13.93,0.1111,1064.6,243.8
52f0fe436a347ddad7ed5f9aa4e27eaa,SP,sao paulo,19,13.9,0.1579,1525.24,452.35
02d35243ea2e497335cd0f076b45675d,RN,natal,12,13.88,0.4167,5286.0,499.39
d6ab728cf30867cf3f1a2e216ae2f9b7,SP,sao paulo,12,13.84,0.0,2002.0,231.82
81336a0f57a33776419727a300249e90,SP,sao carlos,15,13.62,0.2,1351.9,277.8
1dc2de47ee26a0a5b12dc14fd6dc0dea,SP,ibitinga,25,13.53,0.12,1695.29,632.29
f76a3b1349b6df1ee875d1f3fa4340f0,SP,sao paulo,24,13.49,0.375,4296.51,637.24
8160255418d5aaa7dbdc9f4c64ebda44,SP,ibitinga,369,13.48,0.168,46621.27,7790.62
a6bd7d1ccdac48c6b33b28596b7eb122,PB,mamanguape,13,13.47,0.1538,11770.11,579.82
cac63f48c38cd7d002a7e846dcd99a23,SP,sumare,10,13.44,0.0,938.9,146.33
e9c6969d40e6a3d2d0f90013165c2b98,SP,sao paulo,10,13.39,0.0,5239.98,242.0
3fd1e727ba94cfe122d165e176ce7967,SP,araraquara,34,13.39,0.2059,2642.5,540.77
9906e7aa42a3c067b7c9a564d01c4320,PR,maringa,12,13.39,0.1667,2738.8,524.57
ec933281fb017b5020d06df29c3f77e8,SP,sao paulo,8,13.35,0.0,1432.0,230.85
c37b2059d4f90d4feead554e5246565e,SP,sao paulo,11,13.35,0.2727,1072.3,317.84
67883baaae6134ee81b271a542613728,SP,sao paulo,19,13.35,0.1579,8167.9,328.12
c4fb51fb1c5b7c07bc5e67be6e7e8f6e,PR,curitiba,15,13.25,0.1333,1567.9,558.71
23a0ffca143a15b9b5bbdb7d552f626a,SP,sao pedro,22,13.22,0.1364,3548.52,545.75
5bc55dbe2f12b6af6d83ed46023e0dc8,MG,coronel fabriciano,16,13.18,0.25,3046.89,437.49
5b581417df4480f632484ba681e53944,SC,florianopolis,11,13.16,0.2727,1641.6,572.41
e7d5b006eb624f13074497221eb37807,SP,santo andre,28,13.16,0.0714,3478.93,741.49
e5a3438891c0bfdb9394643f95273d8e,SP,limeira,213,13.13,0.1878,7478.56,3265.72
04fdea0c111866e6cf812f1570d6b5bd,SP,sao paulo,8,13.12,0.125,865.0,173.35
be8e909810184b9b19e886129149d8e5,SP,piracicaba,15,13.11,0.2,629.85,216.23
55bb6fe5bebe5012e2d7d9928e1128ff,SP,bauru,15,13.06,0.1333,1816.55,576.47
f35b3c613c4f7b2275f4185d0a3c59ec,SP,sao paulo,9,13.03,0.2222,4047.25,167.04
c826c40d7b19f62a09e2d7c5e7295ee2,SP,guarulhos,344,13.01,0.0959,44407.06,5401.35
3c03b12bab54d8b37d79d914bfdb1aa0,RJ,sao joao de meriti,37,13.0,0.1622,4460.34,721.33
b33e7c55446eabf8fe1a42d037ac7d6d,SP,pradopolis,148,12.97,0.1284,44364.98,2699.8
ef990a83bbea832f36ebe81376335aa8,SC,joinville,41,12.9,0.2683,4639.0,1047.22
973f21788dfab357250f69a8dcb7ddee,MG,claudio,8,12.78,0.625,699.0,397.5
8f54d64f28a993550aa7943f12572959,MG,ipatinga,15,12.77,0.0667,2755.5,377.62
1b7e5006cb25dd23ce8686691013b121,SP,sao paulo,11,12.75,0.1818,2636.74,149.22
5f67c6082caacb26e431a7b17940cece,PR,maringa,13,12.72,0.3077,1662.6,208.43
bc07d855eac23aab5ac8a120f21d16b2,SP,mogi das cruzes,11,12.65,0.1818,1202.62,204.74
11bfa66332777660bd0640ee84d47006,SP,ribeirao preto,76,12.63,0.1579,3925.87,1682.67
8185694b58b2ba6de20fd41ae608bbea,SP,tabao da serra,8,12.62,0.0,1372.3,230.27
d57e18d5f73c7ccb7f7339b61166898d,SP,sao paulo,60,12.6,0.0333,3151.8,894.2
8f580d36c1e9d6fbce95283403c7d447,SP,ribeirao preto,8,12.59,0.125,4813.25,180.15
1f1bb1f0859883505541bdd6606193e5,SP,sao paulo,27,12.56,0.1111,16040.84,522.03
c6bda72e4dbf5c5866b13cb1810c6d03,SP,sao paulo,57,12.55,0.0351,14014.97,1155.38
f181738b150df1f37cb0bd72e705b193,SP,carapicuiba,36,12.53,0.1111,5549.6,1108.21
e84ad2127668df3aafc6b73531a0beb8,SP,sao paulo,19,12.51,0.0526,987.0,286.73
5c6d4016c2a288f074fa0848a2b653d2,SP,sao paulo,31,12.48,0.0968,3208.0,518.17
5b07547f10dd980738a1a27f685af669,SP,guarulhos,13,12.48,0.1538,1134.6,185.47
1d503743d2526f03f0c2c89540ee008c,SP,sao paulo,12,12.44,0.0833,516.04,204.49
b8555308bfdb4ca1ed54325a58da9a97,SP,sao bernardo do campo,26,12.41,0.0769,3047.2,582.83
5343d0649eca2a983820bfe93fc4d17e,SP,santo andre,67,12.4,0.1045,9979.57,2237.22
1fdc574883ef3b33ad41562d93f3a74a,SP,limeira,18,12.39,0.0556,4251.0,273.27
17908cf9b444ee34047cadd5c0f4a516,GO,anapolis,11,12.37,0.0909,1993.99,501.42
adbc26658d6c7b4b6219f9d934598091,PR,curitiba,88,12.33,0.1591,11935.39,1920.69
b6e1504972665f739dec4facb9943775,SP,piracicaba,14,12.33,0.0714,1484.48,225.89
0417b067eeab773d2f7061a726dc477f,SC,sao bento do sul,13,12.33,0.3077,1859.18,642.57
5b8154610ebb21fb90eb587365e673df,SP,sao jose dos campos,37,12.27,0.1081,9048.05,1048.67
a066df7361163e7ddc5d7452dd17448b,SP,franca,15,12.27,0.2,1078.3,266.32
ec8879960bd2221d5c32f8e12f7da711,SP,itatiba,35,12.27,0.1714,3957.5,798.76
17306570e772e7718c92a562d33f5f1d,SP,bariri,27,12.27,0.0741,8699.9,782.36
72bc2cce903c872fe376a8faaa81d237,SP,sao paulo,17,12.26,0.0,2149.2,255.77
977f9f63dd360c2a32ece2f93ad6d306,SP,tabatinga,18,12.25,0.1667,2357.38,802.26
b2479f944e1b90cf8a5de1bbfde284d6,SP,ibitinga,100,12.24,0.14,4771.31,2224.28
c8b0e2b0a7095e5d8219575d5e7e1181,SP,itaquaquecetuba,82,12.16,0.0732,11916.23,1479.97
1eade46fba20122dc4aefb379f8c636b,SP,sao paulo,58,12.13,0.1379,3635.37,1038.34
5b925e1d006e9476d738aa200751b73b,SP,sao paulo,63,12.12,0.0635,7748.5,1053.34
acadd4d36859671cb635527c6c977533,SP,santa rosa de viterbo,12,12.11,0.1667,2381.0,265.94
6973a06f484aacf400ece213dbf3d946,SP,sao jose dos campos,80,12.1,0.1875,9846.32,1198.37
6a0cbc8af2e8abd1bdfb777943d174c6,SP,batatais,34,12.08,0.0882,3788.15,729.0
5b2e94f2c22b39ccc24d34ad0f669672,SP,sao paulo,9,12.06,0.1111,883.78,356.38
e250d617a0ad591ba9bd663e584a895d,SP,guarulhos,8,12.05,0.0,968.02,305.07
2c9e548be18521d1c43cde1c582c6de8,SP,mogi das cruzes,124,12.0,0.1613,6068.55,2478.88
00ee68308b45bc5e2660cd833c3f81cc,SP,sao paulo,134,11.98,0.0896,20545.89,3287.62
0bf0150d5b9d60d9cd2906003332f085,SP,sao paulo,39,11.93,0.2051,5774.6,1097.74
1782ce2db72c3dda627d5e7c898104e1,SP,taboao da serra,9,11.9,0.1111,2010.8,207.37
c003204e1ab016dfa150abc119207b24,SP,cajamar,195,11.87,0.0667,24978.58,4759.16
17a053fcb14bd219540cbde0df490be0,SP,mogi guacu,122,11.87,0.082,39883.44,8694.19
ae8bfdbf1c2a2a2dee92d799db0a31c6,PR,toledo,8,11.86,0.0,339.92,146.22
d650b663c3b5f6fb392b6326366efa9a,SP,cotia,57,11.85,0.0702,18595.9,862.49
13074f016982ff2bd6c58ced8682f000,RS,bento goncalves,13,11.85,0.3077,1977.0,775.66
8bd0f31cf0a614c658f6763bd02dea69,SP,sao paulo,32,11.82,0.0312,4255.35,941.75
b87a7ea0c30fad2dd6781b74a0064859,SP,sao paulo,9,11.81,0.3333,515.4,122.35
817245bcc3badd82bbd222e0366951a6,SP,bauru,28,11.79,0.0357,5345.6,699.23
ff4ea69c2a729e83e63c7579e4ef8170,SP,guarulhos,8,11.75,0.0,6368.0,159.82
0dd184061fb0eaa7ca37932c68ab91c5,SP,guarulhos,157,11.74,0.121,18260.92,5277.26
900ba814c251a692506d7834c1218441,SP,salto,85,11.71,0.1412,28572.02,2297.23
ca4b77513ac2040591b0d8fae6958380,SP,sando andre,14,11.66,0.2143,1772.45,201.17
b17b679f4f5ce2e03ce6968c62648246,SP,ribeirao preto,50,11.64,0.18,3424.18,980.18
6c7d50c24b3ccd2fd83b44d8bb34e073,SP,presidente prudente,106,11.64,0.0189,8477.49,2667.51
bd23da7354813347129d751591d1a6e2,SP,sao paulo,84,11.62,0.0476,9605.79,1388.11
06579cb253ecd5a3a12a9e6eb6bf8f47,SP,sao paulo - sp,60,11.6,0.1333,4518.5,1408.13
8b321bb669392f5163d04c59e235e066,SP,sao paulo,923,11.59,0.104,17317.48,13839.47
7f2617c58d5d06806987308b45654351,SP,sao paulo,22,11.57,0.0909,3656.8,326.47
2a7dc43cecabf23403078e2188437d1d,SP,sao paulo,52,11.57,0.0769,4859.91,863.04
68f86ba270525243e68ae74044f992b9,RJ,rio de janeiro,10,11.54,0.1,777.5,186.7
723cd880edaacdb998898b67c8f9da30,SP,ibitinga,11,11.52,0.0909,2206.43,440.94
f84fa566034f5e8e880a07ec624c56af,SP,indaiatuba,89,11.49,0.1348,4993.91,1210.42
57fe6232e67823593374a2281d7a8af8,SP,capivari,8,11.45,0.0,178.68,105.36
d20b021d3efdf267a402c402a48ea64b,SP,ibitinga,78,11.44,0.1923,3861.28,1454.44
244c2f1bff6afe1f2eaf9bfe9b2aed38,SP,mogi das cruzes,23,11.42,0.087,2580.0,1214.87
fa1c13f2614d7b5c4749cbc52fecda94,SP,sumare,571,11.37,0.1033,190065.84,9861.23
5f2684dab12e59f83bef73ae57724e45,SP,sao paulo,67,11.35,0.0597,8870.97,1109.75
b2ac621f0d0322434d04a12b078b9369,PR,curitiba,29,11.32,0.1034,9445.6,772.2
289cdb325fb7e7f891c38608bf9e0962,SP,belo horizonte,107,11.31,0.0187,13756.94,2117.8
1f9ab4708f3056ede07124aad39a2554,SP,tupa,75,11.31,0.0533,13143.03,2332.29
7ddcbb64b5bc1ef36ca8c151f6ec77df,SP,sao paulo,325,11.3,0.0862,54655.56,7780.37
ec4608a1f76453166bb312b2968aeaf4,SP,porto ferreira,17,11.29,0.2353,2528.75,984.29
4c8b8048e33af2bf94f2eb547746a916,SP,ibitinga,17,11.28,0.1176,1571.15,358.67
c0563dd588b775f2e37747ef6ad6c92c,SP,santo andre,27,11.27,0.1111,3587.3,385.83
3bdff180c7e1f6551a643b99c265a120,SP,sao paulo,56,11.27,0.0536,3008.2,1003.88
7813ea3ebd9411dc600b4dd01f7a97b9,SP,osasco,9,11.26,0.1111,1599.4,146.59
e5a38146df062edaf55c38afa99e42dc,SP,sao paulo,119,11.23,0.0924,15231.09,1878.98
238fac594e170b59c6d228f5a4f4f1d9,SP,dois corregos,28,11.21,0.1071,3007.0,1370.89
55d3daac7c404d59e51c2aa2f4dc5a23,SP,sao paulo,21,11.2,0.0,4480.6,1309.88
e89c4adbe7b1d0819dbb636e16461cf1,SP,indaiatuba,24,11.19,0.125,3181.3,454.85
2e90cb1677d35cfe24eef47d441b7c87,SP,sao paulo,127,11.19,0.1339,13994.61,2922.36
50c9975695009e5e6473912e83a6d1da,MG,claudio,50,11.18,0.14,4034.3,2919.83
96493fab2fbb13a14d0c0e8772eef5c3,SP,sao paulo,63,11.18,0.0635,18969.0,1212.23
f680f85bee2d253556ac91be391d2c82,SP,carapicuiba,45,11.16,0.0222,5183.92,893.42
b33aaadd1a8891d2dfef0c4c3bdf0371,SP,limeira,16,11.16,0.125,1504.0,359.04
abe42c5d03695b4257b5c6cbf4e6784e,RJ,rio de janeiro,49,11.14,0.1633,17000.0,947.55
fe1b067411b8c5066e962aa146ccee03,SP,presidente prudente,8,11.12,0.0,847.78,143.1
3be634553519fb6536a03e1358e9fdc7,SP,sao paulo,78,11.12,0.0897,5138.43,1723.57
d673a59aac7a70d8b01e6902bf090a11,SP,ibitinga,76,11.09,0.1053,4250.19,1687.54
1f50f920176fa81dab994f9023523100,SP,sao jose do rio preto,1384,11.07,0.1069,108408.18,35492.04
f62d7bb4a613ec758a03342d46b580b2,MG,vicosa,32,11.06,0.125,24665.0,2125.59
ff1fb4c404b2efe68b03350a8dc24122,SP,mogi das cruzes,45,11.05,0.1556,6772.89,926.17
ffeee66ac5d5a62fe688b9d26f83f534,SP,mirassol,14,11.05,0.1429,1839.86,419.69
1da366cade6d8276e7d8beea7af5d4bf,MG,uba,42,11.05,0.119,6387.59,1698.04
d3f39f05462b79a4562d35893a28f159,SP,mococa,31,11.04,0.129,2287.39,488.94
4371b634e0efc0e22b09b52907d9d469,SP,sao paulo,99,11.03,0.0808,7782.99,1411.0
0887a9f087bcd5d9f6642b52f897fc6c,SP,cananeia,12,11.03,0.0833,1642.0,220.35
a1474fd46fd3430168f7ec202da39408,SP,pinhais,12,11.01,0.1667,2752.5,661.02
d66c11a9572221d92fbb8c4897db5f9b,RJ,rio de janeiro,16,11.0,0.0,776.56,387.82
048c2757535328e0d7dac690ad3c0aae,SP,franca,50,10.98,0.14,9065.08,1247.33
c60b801f2d52c7f7f91de00870882a75,SP,guarulhos,38,10.97,0.2105,11418.51,690.98
7b0df942f46435babab05d49b744b2c4,SP,braganca paulista,32,10.94,0.0938,22600.63,672.15
4bf2f4ee540798a61f9636d12cd9cc80,SP,assis,29,10.93,0.0345,4995.56,505.45
b839e41795b7f3ad94cc2014a52f6796,SP,sao caetano do sul,33,10.89,0.0303,42829.0,920.93
7c1fea10b5b006671d608b1d7c446ec4,SP,boituva,12,10.87,0.0833,363.8,202.05
b94cc9f10ddc85e4ba73a6f7974e7101,RJ,macae,39,10.87,0.0769,25346.1,1022.39
392e0502231ae2f8b29994ef6398cd77,SP,cerqueira cesar,17,10.87,0.1176,1572.9,309.89
d93919c944be9cff128f6c9cb899eacb,SP,mombuca,33,10.84,0.1818,2666.7,957.31
f7ccf836d21b2fb1de37564105216cc1,SP,ibitinga,67,10.82,0.1045,2690.34,1081.45
fe701d88b67eaca109dffd464d1be9f9,RJ,marica,10,10.81,0.1,1359.0,219.02
5dceca129747e92ff8ef7a997dc4f8ca,SP,santa barbara d´oeste,321,10.8,0.0623,111488.62,13692.69
5eeb9c756d9780b96283e5a2ac6da334,SP,ribeirao preto,9,10.79,0.2222,2471.0,247.74
7e3f87d16fb353f408d467e74fbd8014,SP,sao paulo,90,10.78,0.1222,4593.19,1402.59
729f06993dac8e860d4f02d7088ca48a,SP,limeira,91,10.73,0.1209,19650.48,4804.13
edb1ef5e36e0c8cd84eb3c9b003e486d,RJ,teresopolis,165,10.73,0.0788,79292.7,3948.56
97512d3fc193b2d1dfcdba0f9d1f0f8a,SP,sao paulo,12,10.69,0.0833,1458.87,341.55
7202e2ba20579a9bd1acb29e61fe71f6,SP,franca,51,10.64,0.0588,12085.7,1131.51
c68fb906c8f4b4b946d8386bfa6e5467,SP,jaboticabal,45,10.64,0.0222,4541.16,892.45
7586919161935337bf6b6d7ff5779648,RJ,rio de janeiro,11,10.62,0.1818,1664.71,330.22
d32e3909cfb714fb2a6cb092c85b9c5f,SP,jundiai,10,10.62,0.3,2827.9,251.0
4d0041cdbe51b4617d95c70b19decc74,MG,juiz de fora,8,10.6,0.0,5235.2,230.29
87b740daf17b5d1be335a64164ec6842,SP,suzano,10,10.6,0.1,11299.9,1111.16
850913d59ce317156b00f3705f1c3edb,SP,atibaia,28,10.59,0.1786,2141.0,498.46
fffd5413c0700ac820c7069d66d98c89,SP,amparo,54,10.58,0.1481,8284.0,2565.33
099095b050cfe8eb1ddff5317587e96e,SP,sao paulo,16,10.57,0.1875,5003.84,702.09
439a47cc365d6e3bd526812ea9de3c29,SP,mogi das cruzes,8,10.56,0.125,1186.5,224.43
1c129092bf23f28a5930387c980c0dfc,SP,sao paulo,191,10.55,0.0576,9868.43,3000.92
8ca1551acf9832a4cf467bbbac15851f,PR,campo largo,11,10.54,0.0909,2236.3,287.31
c3acdfac4e3e97ff87529454fbc03642,SP,sao paulo,12,10.52,0.0833,16788.0,269.28
d06d019f72a04e5497a0b64190af170c,SP,cotia,17,10.51,0.0588,2415.93,225.51
5d0363b33554b373851fc1622e4d5f3c,SP,atibaia,91,10.5,0.0769,6463.89,2118.01
4e7c18b98d84e05cbae3ff0ff03846c2,SP,jaboticabal,81,10.49,0.0494,9080.8,2824.56
88460e8ebdecbfecb5f9601833981930,PR,maringa,234,10.48,0.2051,31041.5,4983.87
082e0bf4cb865a6533b1e8e498cc0255,SP,botucatu,11,10.47,0.1818,2073.3,991.03
4869f7a5dfa277a7dca6462dcf3b52b2,SP,guariba,1116,10.47,0.1165,227570.44,19956.69
fdaaf5bfda82b7b80535610c831b8d09,SP,sao jose do rio preto,10,10.44,0.1,2588.9,259.42
c8b3445d737de6befde0c88ede534a5e,SP,sao paulo,30,10.44,0.0333,3317.94,661.23
a416b6a846a11724393025641d4edd5e,SP,sao paulo,157,10.44,0.1274,24930.24,2935.56
a3e9a2c700480d9bb01fba070ba80a0e,SP,ibitinga,121,10.44,0.0992,13126.5,2752.74
99eaacc9e6046db1c82b163c5f84869f,SP,franca,63,10.42,0.1111,12642.28,1081.66
2e13c71026e1a39ba5cc1b86dcb679aa,SP,sao paulo,24,10.42,0.0833,4157.0,534.02
b32be1695eb7ec5f10f72d9610a12527,RS,caxias do sul,44,10.41,0.0455,26575.0,2937.68
f262cbc1c910c83959f849465454ddd3,SP,sao paulo,189,10.4,0.0952,10219.76,2488.15
2528513dd95219a6013d4d05176e391a,SP,osasco,152,10.4,0.0526,31966.98,3637.67
70eea00b476a314817cefde4aad4f89a,SP,itatiba,104,10.39,0.0769,31191.75,2692.72
f61c63d13f7cd800549d5acdd390ae72,SP,pilar do sul,26,10.38,0.0769,3072.3,429.39
7901646fdd36a55f564ffaf2dbccaaf7,RJ,rio de janeiro,22,10.36,0.1364,11857.08,621.75
b1fc4f64df5a0e8b6913ab38803c57a9,RJ,sao goncalo,102,10.35,0.1176,7845.78,2043.14
7681ef142fd2c19048da7430856b5588,SP,guarulhos,57,10.35,0.1404,31111.81,2839.6
04aa0a1c5ce6b222003403a3e11c3cc0,SP,cosmopolis,11,10.35,0.1818,5518.0,821.51
d1c281d3ae149232351cd8c8cc885f0d,SP,ibitinga,205,10.35,0.0927,27651.79,5286.24
34056b8b55c1775a22af2331670a799c,SP,penapolis,77,10.35,0.1169,6398.7,1751.51
5ee7fd217d08dfe5d3e2f51f96a12c9a,SP,vargem grande do sul,9,10.34,0.2222,1165.5,269.68
7e1fb0a3ebfb01ffb3a7dae98bf3238d,SP,franca,154,10.33,0.1299,26073.53,2879.1
8f2ce03f928b567e3d56181ae20ae952,SP,pirituba,151,10.32,0.1523,21213.2,3756.6
08633c14ef2db992c11f840f04fad4cd,SP,ribeirao pires,71,10.32,0.0704,7310.0,1330.02
f457c46070d02cadd8a68551231220dd,PR,maringa,183,10.32,0.0656,19113.47,3709.68
14d7985702e72162bbf13b6beb74ab2b,SP,santo andre,36,10.31,0.1389,3832.0,536.93
5ef131ac72773e5b3f6c0d63cf424657,SP,ribeirao preto,10,10.31,0.0,587.69,261.93
1c5e4e49b9079480255b49d50aac1aa9,SP,santos,12,10.31,0.0,10173.11,889.61
8b2492b7ff4468839593fafeed55bad9,RJ,sao goncalo,29,10.29,0.069,3660.08,676.18
1835b56ce799e6a4dc4eddc053f04066,SP,ibitinga,398,10.28,0.1231,34300.85,8782.47
8476243f92442881ddd5b578975cf115,RS,campo bom,11,10.28,0.0909,6709.0,253.01
c794dab4928dd97beb41d05514441e86,SP,artur nogueira,16,10.28,0.125,1312.4,232.19
ff063b022a9a0aab91bad2c9088760b7,SP,santo andre,93,10.26,0.0323,12244.2,2018.04
3f3486b61f45078d4f31ee5e43d8c5bb,SP,sao paulo,39,10.24,0.1538,3769.73,883.4
39c763cca83e654764b7a4a650fb9b7c,GO,goiania,11,10.23,0.1818,761.0,223.21
ed4311e67debd72b8610a5347a743087,SP,guarulhos,25,10.22,0.08,3636.0,706.81
4830e40640734fc1c52cd21127c341d4,SP,sao paulo,201,10.21,0.0697,9585.9,3043.95
897060da8b9a21f655304d50fd935913,SP,ribeirao preto,299,10.21,0.1204,20683.61,6127.56
85cc55e048b6bcc90c75afe7f0e72f72,RJ,barra mansa,9,10.18,0.2222,308.28,193.48
d97df38225e5abadaff1e72cb72b823c,SP,sao caetano do sul,28,10.17,0.1786,1895.98,514.83
eb4df17aed01d918c65f0f8d650900c0,SP,paulinia,11,10.17,0.2727,3739.87,185.59
15cd6eefe58588619aaed41dfa6621b1,MG,ouro preto,15,10.17,0.0667,1551.84,546.71
edf96ef93ed595084bbcbd9224bd2894,SP,sao paulo,25,10.16,0.12,3757.0,608.78
634964b17796e64304cadf1ad3050fb7,RJ,rio de janeiro,261,10.16,0.1034,39391.88,5878.29
624f4ece8da4aafb77699233d480f8ef,SP,sao paulo,48,10.15,0.0833,8449.9,1573.04
d13e50eaa47b4cbe9eb81465865d8cfc,SP,santo andre,66,10.14,0.2121,7073.05,834.5
54c04bdb5ec46762f8f08c7e8f86ed4a,SC,florianopolis,17,10.14,0.1176,3165.11,447.5
406822777a0b9eb5c50e442dd4cd3ec5,SP,tatui,44,10.13,0.1364,3548.09,901.12
bd4889b5e9133b35b66e42a8665cea5c,SP,sao paulo,36,10.12,0.0,6271.9,984.64
a673821011d0cec28146ea42f5ab767f,SP,sao paulo,120,10.11,0.1167,13316.95,2549.66
39d54ff918774174706fb065d7f9dc07,SP,sao paulo,21,10.1,0.1429,1428.69,334.87
7e93a43ef30c4f03f38b393420bc753a,SP,barueri,318,10.09,0.0566,166145.88,6006.94
09f952a5f58d2285b0372551ae8f9b01,SP,sao bernardo do campo,48,10.08,0.0625,12206.39,1639.79
b18dc380845b24038cfc48006478f099,SP,diadema,43,10.07,0.1628,7753.96,796.87
54583ab379489add547fe47b628db589,SP,sao bernardo do campo,10,10.06,0.0,2240.0,151.08
f3da5b2ff499efb8d4a6d371d175d7dd,SP,sao paulo,76,10.04,0.1447,3569.99,1105.29
ea8482cd71df3c1969d7b9473ff13abc,SP,sao paulo,1127,10.01,0.1047,37170.24,17415.26
d71d863e5ef30d94e440c11be17dcd8f,SP,osasco,22,10.0,0.1364,9217.9,661.87
c66dccfb3f109511246da627dd5a2498,SP,registro,42,9.96,0.0476,11515.65,892.79
c7fdb77fdbff3c41981bc52f787e959e,SP,santo andre,8,9.94,0.25,602.48,153.91
b14db04aa7881970e83ffa9426897925,SP,sorocaba,75,9.94,0.12,5394.9,2051.52
1900267e848ceeba8fa32d80c1a5f5a8,SP,ibitinga,382,9.93,0.1099,25208.25,8314.42
13d058e4eeac2ce8217660b2f8a05812,SP,osasco,22,9.9,0.1364,3739.78,907.59
157c3e4b42f81ac4a44e8b1ca2fe9876,SP,sao paulo,21,9.9,0.0952,3022.0,776.84
7b1222c3624aa89b9558b50a2594188c,SP,sao jose do rio preto,22,9.9,0.1364,10103.52,457.57
9d5604a1f112324ad6b2aa552122e0fb,SP,florianopolis,13,9.9,0.0,421.5,340.48
bba3293d6f5d5af2f415e004e8b93ae3,SP,sao paulo,17,9.9,0.0588,11702.1,326.69
ad97a199236354e53fcd91a5a913e9a2,SC,brusque,16,9.89,0.125,12446.85,837.17
1a932caad4f9d804097d7f8e615baed1,SP,sao paulo,20,9.88,0.2,4661.0,1040.45
562f8cfc51f265411f487d07e9c40e7f,MG,belo horizonte,13,9.86,0.1538,766.92,199.33
a420f60ff1aa9acc80d0e42959f2b313,SP,sao paulo,67,9.86,0.0896,7538.2,1116.71
05f51e13da97139648b8125c31e5f51b,MG,belo horizonte,57,9.86,0.1579,13100.31,1888.65
503c1de08ae81a2d86f17951b204db55,SP,sao paulo,22,9.86,0.0909,4906.99,414.91
cbd996ad3c1b7dc71fd0e5f5df9087e2,SP,sao jose do rio preto,159,9.84,0.0881,8160.53,2768.52
43f8c9950d11ecd03a0304a49e010da6,SP,carapicuiba,41,9.82,0.0732,4249.59,557.63
caa9bc43a9fe8cf9c564ddd8a03cc4a6,SP,jacarei,13,9.82,0.0769,803.87,233.87
8c5e007d7bd5693fa1386ffefbc99f6c,SP,indaiatuba,9,9.81,0.0,1029.11,378.3
2953ce3a88f5e3c3b696d77fc9e4c8eb,SP,sao paulo,14,9.79,0.2143,470.0,161.32
440dd6ab244315c632130ecfb63827b1,SP,votuporanga,90,9.79,0.1333,12862.0,2033.61
d9a84e1403de8da0c3aa531d6d108ba6,SP,sao paulo,52,9.79,0.0577,1803.39,710.57
de23c3b98a88888289c6f5cc1209054a,SP,sao paulo,158,9.79,0.1013,25575.28,2582.62
e59aa562b9f8076dd550fcddf0e73491,PR,curitiba,69,9.78,0.1014,30716.3,2160.07
45213867cefbf2cd4c6177e10216a951,SP,araras,14,9.78,0.1429,4955.42,433.74
8d956fec2e4337affcb520f56fd8cbfd,SP,sao bernardo do campo,210,9.77,0.1048,11100.09,3330.71
ba90964cff9b9e0e6f32b23b82465f7b,SP,guarulhos,38,9.76,0.0526,44212.5,1311.0
7238a95bb63ef7e498389fb863b834a1,SP,limeira,15,9.75,0.0667,2265.7,569.41
5abb8ea023c77787f2c15da891c8d384,SC,joinville,13,9.75,0.2308,2241.0,746.2
a6fe7de3d16f6149ffe280349a8535a0,SP,franca,50,9.72,0.16,2844.9,729.54
c4fabeea6e569d42d02993bb1f4f1cbc,CE,fortaleza,11,9.72,0.0909,859.3,277.22
d4910f1cdcfdabd48d6b316e395d4a23,SP,santo andre,11,9.71,0.0909,1146.88,215.04
6061155addc1e54b4cfb51c1c2a32ad8,SP,campinas,27,9.71,0.037,15614.4,861.66
b56906f7fd1696e043f1bcce164c487b,SP,echapora,40,9.71,0.05,2188.29,853.49
4a3ca9315b744ce9f8e9374361493884,SP,ibitinga,1725,9.71,0.1119,196798.09,35250.47
a938325a4b357fd23a6a4d5bb126408e,RJ,nilopolis,24,9.7,0.0417,3510.0,655.32
e24d3429d294b2eb200b064ebb035879,SP,sao paulo,19,9.69,0.0526,1878.58,372.12
8bb48dc19fccaa8613b6229bf7f452a2,SP,assis,81,9.69,0.0247,4227.15,1850.73
b8114f2f589a6804810f04f99b36b498,SP,sao bernardo do campo,8,9.69,0.0,1399.62,292.41
0b35c634521043bf4b47e21547b99ab5,PR,teixeira soares,49,9.68,0.1633,14009.25,1635.82
49383af7ab774e4e8f3000f49c83dc4b,SP,taubate,8,9.68,0.0,692.9,265.09
dfc5fb7259bb2b599ca565e6e9448f0f,SP,sao bernardo do campo,31,9.67,0.0323,5939.74,662.12
bd15ee794d5e640d9dd71b665b2ab15b,SP,ribeirao preto,12,9.67,0.1667,439.8,240.23
f326006815956455b2859abd58fe7e39,SP,fernandopolis,9,9.66,0.0,3147.16,666.02
834f8533b2ecb6598dd004ff3de7203a,SP,sao paulo,40,9.66,0.15,4260.43,910.49
c9c7905cffc4ef9ff9f113554423e671,SP,itapecerica da serra,125,9.63,0.104,10557.2,2095.28
7139dc5186aa238b006e066d8fbab2e4,SP,amparo,22,9.62,0.1364,1712.0,535.93
232a6014e7b10cba61c6c2b2ea6bb4b0,SP,cafelandia,32,9.62,0.0625,3819.97,1197.07
f84a00e60c73a49e7e851c9bdca3a5bb,RJ,rio de janeiro,88,9.62,0.1136,5972.68,2036.31
891071be6ba827b591264c90c2ae8a63,SP,sao paulo,84,9.62,0.1786,3760.35,1196.07
6860153b69cc696d5dcfe1cdaaafcf62,SP,capivari,74,9.61,0.0946,3827.63,1490.6
709e16e2b25c7474d980076c6bfc4806,SP,birigui,59,9.6,0.0339,5108.0,1222.11
2e1c9f22be269ef4643f826c9e650a52,SP,sao paulo,159,9.58,0.0692,12063.76,2292.77
bccf933e006e9b94a6184af782963e77,SP,assis,45,9.57,0.0222,4162.74,884.47
8a130737016f838139d31878787a39c9,SP,sao paulo,56,9.56,0.0714,4222.03,842.29
855668e0971d4dfd7bef1b6a4133b41b,SP,itatiba,298,9.55,0.1409,30942.22,7583.82
1025f0e2d44d7041d6cf58b6550e0bfa,SP,sao paulo,893,9.55,0.103,136342.88,33278.17
7142540dd4c91e2237acb7e911c4eba2,SP,penapolis,314,9.54,0.0828,36819.93,6814.36
004c9cd9d87a3c30c522c48c4fc07416,SP,ibitinga,155,9.53,0.0839,19451.74,3499.33
ef0ace09169ac090589d85746e3e036f,RJ,sao goncalo,126,9.49,0.0873,15898.2,2292.2
6b3bd31ad8fcda4b2635ec9f3ff2ecdf,RJ,rio de janeiro,33,9.49,0.0909,4091.35,732.33
23d7c96d4a1160db1c726b248601b25a,SP,capivari,50,9.49,0.12,10658.24,1288.93
7b07b3c7487f0ea825fc6df75abd658b,SP,sao paulo,90,9.49,0.0444,9245.47,1285.3
e1b12447a7563944843191754aeb5562,SP,guarulhos,9,9.48,0.2222,518.06,140.14
ba143b05f0110f0dc71ad71b4466ce92,SP,sao paulo,83,9.47,0.1566,6033.7,1327.45
17e34d8224d27a541263c4c64b11a56b,SP,riberao preto,247,9.47,0.085,54580.18,5135.07
715bbd5ba4e6b74cb0d2f29eb45058b0,SP,serra negra,61,9.45,0.082,4063.3,1277.57
d2e753bb80b7d4faa77483ed00edc8ca,BA,porto seguro,13,9.44,0.0769,1342.6,487.57
04e38a233f726ef161074ab1c9b0399a,SP,sao paulo,19,9.43,0.1579,991.6,355.67
729b2d09b2a0bdab221076327f13d050,SP,mineiros do tiete,48,9.42,0.0833,1805.21,934.7
ececbfcff9804a2d6b40f589df8eef2b,SP,franca,97,9.41,0.1031,6796.05,1857.39
5e105f5c9f63f5f1fd75d6cb942e55b1,SP,sao jose do rio preto,8,9.41,0.125,1471.9,273.83
c4d51195486dc781531876a7d00453d8,SP,presidente prudente,17,9.41,0.2941,11468.98,569.37
955fee9216a65b617aa5c0531780ce60,SP,sao paulo,1256,9.4,0.078,132127.8,24812.04
f5a590cf36251cf1162ea35bef76fe84,SP,sao bernardo do campo,113,9.39,0.1062,51232.78,4134.18
1bb3812d5f0747a3ab7348f199001a10,SP,sao paulo,9,9.39,0.0,834.4,215.17
54a1852d1b8f10312c55e906355666ee,SP,santa barbara d'oeste,198,9.39,0.096,17074.46,3364.64
bf84056e679dbe9c69929847a40e338f,SP,sao paulo,35,9.38,0.0857,1918.08,438.5
0176f73cc1195f367f7b32db1e5b3aa8,SP,ibitinga,36,9.36,0.1111,4642.2,1278.93
4d6d651bd7684af3fffabd5f08d12e5a,SP,jau,362,9.33,0.047,43248.28,7861.13
9596c870880d900012f2e8e6e30d06d7,MG,varginha,21,9.33,0.0476,7625.35,1746.36
c3867b4666c7d76867627c2f7fb22e21,SP,guara,225,9.32,0.12,34787.59,4722.62
15aac934c58d886785ac1b17953ea898,ES,muqui,25,9.32,0.12,4353.9,665.7
4a3ccda38b2129705f3fb522db62ca31,SP,marilia,62,9.32,0.0968,15898.29,1323.92
7d13fca15225358621be4086e1eb0964,SP,ribeirao preto,554,9.32,0.1227,113515.16,8598.54
91f0eec23d4a61d7d7caeefa3f0ad1ca,SC,tubarao,11,9.28,0.2727,2190.8,354.46
058fd0aa2bfdb2274e05e1ae971dabb6,SP,santo andre,59,9.28,0.0678,7420.4,867.13
a49928bcdf77c55c6d6e05e09a9b4ca5,SP,sao paulo,95,9.27,0.2632,8619.99,1700.77
82e0a475a88cc9595229d8029273f045,SP,sao paulo,40,9.26,0.1,10453.02,1439.18
5f3ae9136c875522250f8184f253413a,SP,sao paulo,42,9.25,0.0714,1143.05,596.72
259f7b5e6e482c230e5bfaa670b6bb8f,SP,poa,133,9.25,0.0226,8181.19,2637.13
56642bcb79900e777d68e91915cb4267,SP,sao paulo,48,9.24,0.0833,3657.64,814.15
dbd66278cbfe1aa1000f90a217ca4695,SP,sao paulo,83,9.24,0.0602,4837.9,1517.45
ffa6adafb71b807dc13159e26431354c,PR,londrina,17,9.23,0.0,2500.9,516.48
a44fb5a447105f8469bdf16bf9159f25,RS,porto alegre,19,9.22,0.2632,3706.1,586.61
ba6b4a237f92479743cf0ca06b67a9ac,RJ,rio de janeiro,8,9.22,0.125,801.89,111.82
a3f0b55de503387383c7b1de3ad7f678,PR,curitiba,23,9.21,0.0435,4258.5,1214.69
0adac9fbd9a2b63cccaac4f8756c1ca8,SP,louveira,104,9.2,0.0673,15173.35,2369.11
1b938a7ec6ac5061a66a3766e0e75f90,SP,penapolis,28,9.2,0.0357,3719.9,857.29
70a12e78e608ac31179aea7f8422044b,SP,jacarei,312,9.19,0.109,30214.3,5602.23
7040e82f899a04d1b434b795a43b4617,SP,sao paulo,205,9.19,0.0976,9278.99,3093.69
863d2ebcd347ce4922de7a0f9a5581d6,RJ,rio de janeiro,17,9.19,0.1765,1312.36,293.22
d51e0a403fe2e689ece6c73359d96e12,SP,pompeia,18,9.18,0.1111,7380.0,647.57
66e0557ecc2b4dbea057e93f215f68d8,SP,sao paulo,30,9.17,0.2667,12141.0,487.42
1e8b33f18b4f7598d87f5cbee2282cc2,SP,sao paulo,119,9.16,0.0504,16867.57,2673.62
522620dcb18a6b31cd7bdf73665113a9,PR,cascavel,171,9.16,0.1053,56631.39,4586.91
ffc470761de7d0232558ba5e786e57b7,SP,guarulhos,27,9.15,0.037,1529.13,421.09
834f3294fba9f932f56edc879193f925,SP,araraquara,66,9.13,0.0606,40047.3,4320.08
d50d79cb34e38265a8649c383dcffd48,SP,sao paulo,69,9.13,0.0725,12997.43,1914.37
e48cc16ab70bfa09e1401740dce0b3d7,SP,aracatuba,13,9.12,0.0,944.85,287.42
980640c45d7a4635885491d077167e4d,SP,rio claro,14,9.11,0.0714,1004.29,242.37
966cb4760537b1404caedd472cc610a5,SP,diadema,66,9.11,0.0303,44969.26,1463.97
2aa3443d7bf9d9bb11133f420d75e083,RJ,rio de janeiro,10,9.11,0.2,647.0,134.12
6a51fc556dab5f766ced6fbc860bc613,SP,marilia,24,9.09,0.0833,7217.87,747.14
08d2d642cf72b622b14dde1d2f5eb2f5,SP,marilia,16,9.09,0.1875,909.0,306.16
81a1104df0f08b59c68aa5b03cfe398e,PR,sao jose dos pinhais,72,9.09,0.0556,9320.98,1794.45
116ccb1a1604bc88e4d234a8c23f33de,SP,sao bernardo do campo,60,9.08,0.05,2062.09,931.2
643214e62b870443ccbe55ab29a4dccf,SP,sao paulo,65,9.08,0.1231,3229.23,891.48
59b22a78efb79a4797979612b885db36,MG,uberlandia,124,9.08,0.129,27224.5,4894.6
ec80e49e69745ab6c14f984bf2149423,SP,limeira,12,9.07,0.1667,3709.0,188.31
751bdc4d83a466c7206cd42e8f426b03,SP,ribeirao pires,49,9.07,0.0204,6415.07,1000.73
8581055ce74af1daba164fdbd55a40de,SP,guarulhos,378,9.06,0.1005,64104.61,9421.45
d05ae8f7a5bd1d2a690a44cd079e4e27,RJ,rio de janeiro,76,9.05,0.0921,13052.0,1146.77
2d2c62bef4c8ba0dd74e0e228e808539,SP,ribeirao preto,16,9.05,0.125,3749.0,481.48
c990d6cf976a5718aaedc539f383ab88,SP,paulinia,8,9.04,0.375,183.1,115.35
c12b92bf1c350f3e6bf88d3596219c86,SP,garca,17,9.04,0.0588,4849.58,473.05
c64a2aec32cc408a8a4c6d7c46017f91,RS,imbe,9,9.04,0.0,3221.5,406.67
2e1a7d075abe038c1b2743005fe42ff1,SP,sao paulo,18,9.03,0.1667,1466.79,356.62
aba1721a889e04decc910aa13b768ef4,SP,sao paulo,83,9.03,0.1084,14300.3,1281.91
47efca563408aae19bb7206c2d969ea9,PI,teresina,10,9.03,0.0,2088.0,369.27
128f9bfbe4c7d5185033914b1de3d39a,SP,atibaia,13,9.02,0.0769,1267.39,251.98
fe49ee029e61e789a1f3a5525f57ba8d,SP,osasco,16,9.01,0.0625,2473.69,217.46
d93844a9c55ba7ce353388bcf849ea56,PR,curitiba,12,8.99,0.0833,2708.5,521.02
a2b5b6105ea5942300631d2e76f4ffe0,SP,osasco,16,8.98,0.125,3286.69,722.65
013900e863eace745d3ec7614cab5b1a,PR,curitiba,23,8.98,0.0,1619.7,469.67
9f50216bfd01913736a55a11b55ea842,SP,taubate,17,8.98,0.1765,1498.49,365.94
2c4c47cb51acd5ea5db5e0ae0e26542a,SP,buritama,11,8.96,0.0,2430.9,319.87
730937bf88cb151eb2eb849f642fc213,SP,rio claro,22,8.95,0.0455,2868.1,461.31
527801b552d0077ffd170872eb49683b,SP,garca,90,8.94,0.1,17942.8,2062.56
28f10b1c5e5abb9d4857745bede6147c,SP,sao paulo,28,8.93,0.2143,835.0,350.42
f22a247b79dd22ecd91dc8e3b2a1b07c,SP,itaquaquecetuba,8,8.93,0.25,439.94,134.9
e62b2d6ac10570a035a30bafcf01d263,SP,sao paulo,60,8.93,0.1333,5258.34,1021.84
3b15288545f8928d3e65a8f949a28291,SP,ibitinga,98,8.92,0.0714,13688.75,2334.79
01c97ebb5cdac52891c0ed1c37ba0012,SP,catanduva,9,8.92,0.0,577.5,178.5
002100f778ceb8431b7a1020ff7ab48f,SP,franca,49,8.91,0.1837,1297.7,795.66
218d46b86c1881d022bce9c68a7d4b15,SP,ribeirao preto,377,8.9,0.0955,53838.5,7487.49
af4a0e4cfe1d9c26b6712b1be25a72e5,MG,mateus leme,20,8.89,0.1,9169.07,646.13
52562a9f449c3dc3d53f5f5b9ed74903,RN,parnamirim,14,8.89,0.0,3266.6,444.04
66dc1b1632bd6a3e508510c5b3492107,SP,jau,36,8.89,0.0278,3642.18,694.95
05d2173d43ea568aa0540eba70d2ca76,MG,alfenas,62,8.89,0.0645,5759.66,1679.27
4de6e4ba574aa9dfdc824bc44dc47fdd,PR,colombo,14,8.88,0.0714,451.1,253.32
cd68562d3f44870c08922d380acae552,SP,ribeirao preto,122,8.87,0.1803,18119.7,2160.16
1dfe5347016252a7884b694d4f10f5c4,SP,ibitinga,19,8.87,0.2632,1938.59,488.67
51702dc2a3e106c76dbff722b5bf0726,SP,conchal,13,8.86,0.0,2705.1,581.94
808d4348b916efa08e766ebad39f61eb,SP,sao paulo,20,8.85,0.05,712.95,268.59
921323538c9f1c4e816f2720eac02bea,SP,sao paulo,15,8.84,0.2,1401.84,240.36
cfb1a033743668a192316f3c6d1d2671,SP,votorantim,135,8.84,0.1259,13214.83,3288.66
e8f6dc8e6a1dcde89d20e3995c8d90b3,SP,sao paulo,33,8.83,0.0909,2053.94,2001.74
e24fc9fcd865784fb25705606fe3dfe7,SP,braganca paulista,51,8.83,0.0784,12768.0,1012.71
431af27f296bc6519d890aa5a05fdb11,SP,ribeirao preto,114,8.83,0.1579,12747.0,2067.73
2ff97219cb8622eaf3cd89b7d9c09824,SP,salto,87,8.83,0.0575,4418.69,1389.96
406740ee611378a662d274c7d8c43c4a,ES,vitoria,8,8.82,0.125,1790.0,182.08
282f23a9769b2690c5dda22e316f9941,MG,belo horizonte,98,8.8,0.051,6539.18,1897.06
c847e075301870dd144a116762eaff9a,MG,uberaba,41,8.79,0.0976,15248.8,1092.68
dee656f0f566ed1aa85bd137c943f08f,SP,cruzeiro,90,8.79,0.0556,6165.0,1652.04
02ecc2a19303f05e59ce133fd923fff7,SP,santo andre,21,8.79,0.0,5361.19,491.13
e5e33c0d8e7e002f398f5dc4cbbb338f,SP,bauru,26,8.79,0.1154,6494.9,745.95
989becdce12ebc39863c2bceab6f3ca1,PR,curitiba,15,8.78,0.1333,6302.9,814.52
7d76b645482be4a332374e8223836592,SP,sao paulo,172,8.78,0.1163,3913.61,2574.99
d9e8c084b68fe958861d8f2c21202e6b,SP,sao paulo,9,8.76,0.0,3050.0,181.86
57c764b4a836300be881e2ff86e449f9,SP,ribeirao preto,28,8.75,0.1429,1202.9,525.09
37515688008a7a40ac93e3b2e4ab203f,SP,dracena,223,8.75,0.1031,5941.2,3404.51
0bebbb2cea103a4a020c95d43fd7d754,SP,sao paulo,9,8.73,0.0,1367.2,147.14
b494891378bd8f4560abe576c52deacd,SP,sao paulo,19,8.73,0.0526,2839.0,295.98
e2c92f9c1c7746d899d18f2e158bbff7,SP,sao jose do rio preto,12,8.72,0.0,1641.9,314.4
f593898ec748b7a8cb81fc04edafd98a,SP,pedreira,19,8.71,0.1579,2602.94,697.78
d9bd94811c3338dceb4181f3dbc0c73e,SP,sao paulo,54,8.71,0.1111,6911.02,771.09
bd149ed516d4c5d418d5781f8e18919f,SP,guarulhos,8,8.71,0.0,414.0,141.94
8090490573c6c0aa343a7231ebcb8c86,SP,sao paulo - sp,26,8.7,0.0769,3871.12,426.91
4b9750c8ad28220fe6702d4ecb7c898f,SP,limeira,216,8.69,0.0787,15888.49,3367.57
cac4c8e7b1ca6252d8f20b2fc1a2e4af,SP,indaiatuba,71,8.68,0.2394,4061.72,1515.47
0d85bbda9889ce1f7e63778d24f346eb,MG,uberlandia,51,8.68,0.1176,4845.2,1624.5
8e8a7ce9f2f970dc00e2acf6f6e199f6,RJ,sao goncalo,63,8.67,0.0952,8821.0,1147.78
5a413ade68e8f8d93071a7f52a64cb9e,SP,sao paulo,14,8.66,0.1429,778.9,153.77
701938c450705b8ae65fc923b70f35c7,SP,s jose do rio preto,74,8.66,0.0676,11879.29,3771.6
7d456afc660226829370f3173d14520c,SP,mogi das cruzes,52,8.66,0.0577,8043.7,1392.42
5d9dc90a686a8fddacffab6bab5653a3,SP,santana de parnaiba,12,8.64,0.0833,3761.94,369.33
1430239a858e7682bbc43b20758af153,SP,sao paulo,17,8.64,0.0,633.99,254.65
165b1235e9e9942cb5fae67103576fb0,SP,ribeirao preto,11,8.63,0.0909,2085.15,404.65
6a8b085f816a1f75f92dbac6eb545f8f,SP,bebedouro,124,8.62,0.0968,5883.17,2176.27
c510bc1718f0f2961eaa42a23330681a,SP,indaiatuba,12,8.62,0.0,10141.0,710.45
ed8cb7b190ceb6067227478e48cf8dde,SP,santos,14,8.62,0.0714,508.5,236.31
76d64c4aca3a7baf218bf93ef7fa768d,PR,curitiba,63,8.62,0.0317,16701.79,3554.37
da8622b14eb17ae2831f4ac5b9dab84a,SP,piracicaba,1292,8.61,0.0774,160125.49,24744.75
e99e927c81e3f51739c94fcdfca9f10f,MG,uberlandia,21,8.61,0.1905,2849.75,649.08
9e6967d3cf386d284251784b18ccb485,SP,sao caetano do sul,9,8.6,0.1111,517.67,137.23
dd7ddc04e1b6c2c614352b383efe2d36,SP,sao paulo,119,8.6,0.1597,9637.51,2944.27
e38db885400cd35c71dfd162f2c1dbcf,DF,brasilia,30,8.6,0.1333,2066.8,670.75
e0878efa0e0b7e5313ac0b43bc04c081,PR,curitiba,26,8.58,0.1923,5025.4,517.13
903037660cf848a717166eb7a06d616e,SP,sao paulo,42,8.58,0.1429,7855.2,1062.49
aced59e9b31ef866a94f9e7f29d8d418,SP,sao paulo,58,8.57,0.0862,7155.5,1043.07
620c87c171fb2a6dd6e8bb4dec959fc6,RJ,petropolis,720,8.57,0.1,112688.59,13828.14
17f51e7198701186712e53a39c564617,SP,sao paulo,55,8.56,0.0909,46969.0,9607.7
615005a3ef192c00c6f0e977cee3d2bc,SP,itu,10,8.56,0.2,323.99,158.25
b9ca8e8baa5d4aa038394a700f63e69f,SP,sao paulo,14,8.55,0.0714,1289.77,388.18
bc302730ea8cf49b5c74f579febb5bbf,SP,campinas,11,8.54,0.0909,2640.9,289.27
8629c241b3622ac12cd4118afdc8d394,SP,ribeirao preto,13,8.54,0.0769,1167.66,334.36
8a2d12a90e92f012ce5226fc6592b653,PR,curitiba,18,8.53,0.0,1660.65,349.83
4c498c7345e89aebad651544829beca0,SP,carapicuiba,45,8.51,0.1333,4588.37,587.93
04308b1ee57b6625f47df1d56f00eedf,SC,bombinhas,92,8.5,0.1196,58991.8,2948.82
cda598c48d7c614bc1cad7d8ff6f0010,SP,mirassol,17,8.49,0.0,1288.5,317.64
b74d1c09cb380e1d03a6f859c6f4224b,RJ,rio de janeiro,28,8.48,0.1429,2179.62,801.63
70849ca4f400aaabb62cb7462a6f1428,MG,belo horizonte,12,8.48,0.1667,909.58,233.66
df0f42bc4c2142eacf0eaf2cffd0cfbb,SC,itajai,14,8.46,0.0,1717.49,316.89
6f229cc508fc6915ed5c499efd93baa4,RJ,rio de janeiro,13,8.46,0.1538,2654.8,333.88
0241d4d5d36f10f80c644447315af0bd,PR,curitiba,230,8.46,0.0609,30936.48,6864.67
788e857f317e53de488d393e65a80f45,SP,sao paulo,11,8.45,0.0,1210.0,184.95
5ab05b6d86d417796c69ffd6774ec832,SP,assis,10,8.44,0.1,1886.1,256.75
a1bea7061f61f6fdd9a85a6325ba1033,SP,carapicuiba / sao paulo,9,8.44,0.1111,810.95,99.93
63b464dbf392c7b80d12d932fa7cafed,SP,sao paulo,36,8.43,0.0556,6622.0,860.84
9dda5bbacd45e18d6485fee649205d09,MG,santa rita do sapucai,18,8.43,0.1111,2115.4,558.39
6481e96574816ead57975da2c0f6d80d,SP,sorocaba,31,8.43,0.0323,3297.9,1000.58
b4a476fbd28de64b1e347abf9089366a,SP,itapevi,29,8.42,0.1034,4469.04,780.66
c013e57c075a06e5b5c48ee03c525719,SP,sao carlos,41,8.42,0.0732,2020.85,934.7
4bfc7a4a1cf8d4d2121c27422d9e50b5,SP,sao paulo,24,8.42,0.0417,7678.6,995.44
670c26e0f1bf8d0576271d5cfaec6d2b,PR,maringa,77,8.41,0.0519,6289.1,1700.69
10ff823eda2b032e2c93d17a7d294736,SP,pederneiras,8,8.41,0.0,1144.98,147.88
d1b65fc7debc3361ea86b5f14c68d2e2,SP,mogi guacu,39,8.4,0.0513,11413.17,1410.15
9b00ed88b7fdb95d6ff76e27c1b52d16,SP,sao paulo,46,8.4,0.0652,1600.88,581.52
8602a61d680a10a82cceeeda0d99ea3d,SP,sao paulo,15,8.39,0.0667,1026.29,294.87
972d0f9cf61b499a4812cf0bfa3ad3c4,SC,brusque,81,8.39,0.1111,8366.02,2242.06
d4e12e7884759a14fa0f5f896c791cae,SP,sao paulo,29,8.39,0.069,1400.0,439.67
4200ddf1967c5e41e48db62bc6d4b5ac,SP,sao bernardo do campo,21,8.39,0.0476,721.2,417.79
db2956745b3a8e9f3785c99f34b5d25e,SP,sao sebastiao,45,8.37,0.1111,8382.9,974.81
850f4f8af5ea87287ac68de36e29107f,SP,sao paulo,185,8.37,0.0649,45388.27,3107.13
a36b125ac6d5fdbc7f50de85c9157bdc,SP,ribeirao preto,23,8.35,0.1304,1793.65,373.89
04aba03279157f6d4e0fe8ccaf21963c,RJ,santo antonio de padua,15,8.35,0.0667,2416.0,319.23
5c3460cd3e8a984382ae254e7dd20d9f,SP,sao jose do rio preto,9,8.34,0.0,775.76,198.54
5f5b43b2bffa8656e4bc6efeb13cc649,SP,sao paulo,27,8.34,0.037,3817.19,569.31
36890be00bbfc1cdb9a4a38a6af05a69,SP,osasco,13,8.33,0.2308,1361.3,239.58
093805f8f2aeb63881444571e1f48f30,SP,osasco,22,8.33,0.0455,1215.79,343.94
f46490624488d3ff7ce78613913a7711,SP,guarulhos,80,8.33,0.125,5690.95,1693.41
d4ffeb15b67e81ff9af2b4252d99fb7e,SP,atibaia,11,8.32,0.0,1400.4,324.41
e883aa812c37a7413226856f4579fe91,SP,itapevi,26,8.32,0.0385,4097.1,457.36
fd386aa7bed2af3c7035c65506c9b4a3,SP,sao paulo,65,8.32,0.1077,2093.76,956.05
d4f117125b59ce73c3302f88ee40c458,SP,sao paulo,17,8.32,0.0,783.29,215.32
25e6ffe976bd75618accfe16cefcbd0d,SP,sao paulo,105,8.31,0.0571,11584.11,1720.9
0249d282d911d23cb8b869ab49c99f53,SP,sao paulo,11,8.31,0.1818,427.6,142.43
ce7d1888639e6fb06b2749cbfdac1ff7,MG,baependi,76,8.3,0.0921,11812.79,3148.71
2f74af7a0ee5636f12c2336f9fffed47,SP,sao paulo,13,8.29,0.0,560.7,163.77
7ad32824caee82087b3e2e5f33b1bf32,SP,ibitinga,145,8.28,0.1448,22173.37,3596.74
bbad7e518d7af88a0897397ffdca1979,SP,sao paulo,66,8.27,0.1667,4449.51,1331.13
784ba75dd9d20200c4caed3d7a77141a,SP,sao paulo,19,8.27,0.1053,8142.33,600.02
6fc26fe110feebd80a433e1f012a84f9,SP,fernandopolis,35,8.25,0.1143,4150.87,977.19
b81e3a6c866a764974fe849821abeebd,SP,maua,8,8.25,0.0,836.15,216.86
968268a686aa05d1f529fb07dff08130,SP,sao paulo,12,8.24,0.0,4677.29,203.55
77530e9772f57a62c906e1c21538ab82,PR,curitiba,306,8.24,0.1176,46011.29,8357.24
f08a5b9dd6767129688d001acafc21e5,RS,porto alegre,11,8.24,0.1818,14069.63,496.11
52f9db5cfb423382a2fa5c9e39303202,SP,echapora,21,8.24,0.0,1218.78,345.75
3935fe5fe0f82787a9dcb8deb62be09d,SP,sao paulo,16,8.23,0.125,1681.69,419.66
7a67c85e85bb2ce8582c35f2203ad736,SP,sao paulo,1132,8.22,0.0601,139666.25,20667.36
6d66611d7c44cc30ce351abc49a68421,SP,sao paulo,161,8.22,0.0621,13280.8,3239.17
bd1d49a326abfa9b1036772e40445430,SP,bauru,12,8.2,0.0833,637.7,188.5
b561927807645834b59ef0d16ba55a24,SP,sao paulo,83,8.2,0.1446,4479.99,1258.8
080199a181c46c657dc5aa235411be3b,SP,osasco,79,8.2,0.0253,14504.2,1040.68
f27e33c6d29b5138fa9967bcd445b6d5,SP,sao paulo,93,8.2,0.1075,9049.1,1648.15
6d803cb79cc31c41c4c789a75933b3c7,SP,sao joaquim da barra,58,8.19,0.069,8711.4,1213.67
2dcf93836ae3ce0d7c93e2f10876467a,SP,sao jose dos campos,8,8.19,0.25,1279.0,151.76
0cbcee27c791afa0cdcb08587a2013a8,MG,tres coracoes,37,8.19,0.1081,5054.15,783.53
ffad1e7127fb622cb64a900751590acd,SP,americana,10,8.19,0.0,884.3,206.53
fe2032dab1a61af8794248c8196565c9,SP,campinas,288,8.18,0.0903,64733.81,4488.02
b347677812ea483b0f528eaf8cbc09b7,PR,curitiba,21,8.17,0.0,7368.89,790.94
c35672b10ad50968f567ea3f4b91e877,RJ,mesquita,18,8.17,0.0556,1150.57,364.78
f08c008c8a8d31417763738a1788a2a8,PR,santa terezinha de itaipu,18,8.17,0.1667,1068.21,259.18
bc47d5d1490df2b36add65d733eafaba,SP,santo andre,19,8.17,0.1053,1024.3,346.37
16090f2ca825584b5a147ab24aa30c86,SP,atibaia,397,8.16,0.1083,25551.16,5400.47
45ba18c210d42734ec52c0c1c574e9ee,SP,sao roque,34,8.15,0.0294,5104.22,915.65
271c58a1d139c45eaf3316107c6d3a3b,SP,sao paulo,27,8.14,0.0741,3597.63,634.92
febab0275244b9a49a623f0bd613ca2f,SP,pedreira,104,8.14,0.0481,7397.41,3060.68
afa6714acee029b2dfdf357e5579cc03,SP,descalvado,16,8.14,0.125,3220.76,382.82
430315b7bb4b6e4b3c978f9dfa9b0558,SP,sao paulo,19,8.14,0.0526,2864.4,550.16
974cf2cb8f4b7add98709c30df02fe10,SP,araraquara,30,8.13,0.0333,2694.7,497.2
30a2f535bb48308f991d0b9ad4a8c4bb,SP,santa barbara d'oeste,68,8.13,0.0294,4779.5,1097.89
77a515caa36327151d1cc6c32a9f00e1,SP,diadema,26,8.13,0.1154,2217.39,396.19
23613d49c3ac2bd302259e55c06c050c,SP,porto ferreira,68,8.12,0.1471,4770.84,2109.29
9674754b5a0cb32b638cec001178f799,SP,sao paulo,83,8.12,0.0361,4849.84,1165.1
562fc2f2c2863ab7e79a9e4388a58a14,SP,campinas,251,8.11,0.0359,9944.29,4204.52
e0a366315b1b726b6c7832d664c0f530,SP,sao paulo,42,8.11,0.0476,7161.09,730.83
1976a05ecf2996d6ffb7b5430e635fe7,SP,assis,8,8.1,0.25,1796.2,394.46
4b0fdb526525f9890eb145bf1534640e,SP,ibitinga,17,8.09,0.0,2311.1,513.01
1b1ae47a313a825a7ccceb8e2e30fa9d,PR,bocaiuva do sul,10,8.09,0.0,2184.0,229.37
b2ba3715d723d245138f291a6fe42594,SP,sao paulo,321,8.07,0.0903,49173.89,6268.58
6e864f5c4669eff3d98140a07cc50202,SP,sao paulo,13,8.07,0.0769,740.59,191.77
276677b5d08786d5dce7c2149dcce48b,MG,belo horizonte,31,8.06,0.0968,3424.2,765.25
835f0f7810c76831d6c7d24c7a646d4d,SP,sao paulo,40,8.04,0.325,4750.5,870.29
2d50d6282f8aa2257819a77bfaa0efe0,SP,ibitinga,41,8.04,0.1463,3194.38,862.14
8d79c8a04e42d722a75097ce5cbcf2ef,CE,caucaia,26,8.04,0.1538,2717.72,725.51
fb3cfbc8a86f5d7fbb4d36b8df63f60d,RJ,rio de janeiro,10,8.03,0.0,1121.2,252.04
056b4ada5bbc2c50cc7842547dda6b51,RJ,queimados,64,8.03,0.1094,12203.4,1282.39
070d165398b553f3b4b851c216b8a358,SP,sao paulo,30,8.03,0.1667,3233.18,945.7
f5f2ab9bdb6b30c14c61be68c5ed37da,SP,porto ferreira,18,8.02,0.1111,2134.68,339.87
4324dd16853115efb0fd9d0d131ba6f4,SP,sao jose do rio pardo,11,8.01,0.0909,973.4,291.97
6a38087bc8ad4f89ff453561005f6dea,GO,anapolis,15,8.01,0.0,1833.43,547.92
403aa86912527d730337ffcb0fb096ab,MG,belo horizonte,11,8.01,0.0,8959.89,204.62
0be8ff43f22e456b4e0371b2245e4d01,SP,sao paulo,151,7.99,0.0662,11032.5,2434.61
00720abe85ba0859807595bbf045a33b,SP,guarulhos,13,7.99,0.1538,1053.4,319.03
26d6bbee02420494d471c9f6436929c0,PR,curitiba,12,7.99,0.0,434.51,247.19
99002261c568a84cce14d43fcffb43ea,MT,cuiaba,36,7.98,0.0833,4117.0,1111.65
6560211a19b47992c3666cc44a7e94c0,SP,sao paulo,1804,7.97,0.0649,120956.88,27494.41
0ac4201fda2c68ebc0e47cb9423cf3c9,SP,sao paulo,13,7.97,0.0769,1676.88,233.99
bba74270a87732727b5a3b4fd9ac1c39,MG,betim,35,7.97,0.0,5964.6,743.74
681fce914360217db47784ae28905a96,PR,araucaria,21,7.97,0.1429,4199.49,503.15
0c7533c71df861ec58ad7ff999ed0e8d,SP,valinhos,60,7.96,0.05,3130.3,928.28
4992e76a42cb3aad7a7047e0d3d7e729,SP,sao paulo,52,7.95,0.0769,2052.7,948.23
4be6b962d83299498bae2190f95d6566,SP,sao carlos,11,7.95,0.0909,619.12,199.45
1dd33b8119b3cb1056ed5dc88cd0aaf4,SP,sao paulo,8,7.95,0.125,1513.0,128.74
0db783cfcd3b73998abc6e10e59a102f,SP,santos,132,7.95,0.0379,9426.2,2041.43
0a85ebe4e328db81ac9109781205e2f7,SP,jundiai,11,7.93,0.0909,588.0,124.46
11305281b50fff20ae8bb473f8e11876,MG,uba,35,7.93,0.1143,6978.59,1472.5
fcdd820084f17e9982427971e4e9d47f,SP,ribeirao preto,16,7.93,0.125,4783.99,881.75
b19f3ca2ea475913750f25a5c37c8d8f,MG,divinopolis,19,7.92,0.3158,4201.66,1016.49
e3a386fc36e22064434e1fa256f6a9fa,SP,engenheiro coelho,16,7.92,0.1875,793.9,253.25
4305fe92735c8a43d154ff6dd2b8d927,MG,coronel fabriciano,17,7.92,0.0,2606.1,393.54
f45122a9ab94eb4f3f8953578bc0c560,SP,piracicaba,183,7.91,0.0765,22086.09,3358.46
9f505651f4a6abe901a56cdc21508025,SP,sao paulo,392,7.91,0.051,26004.85,5926.04
994f04b3718c2bab35c2adfa8afecd2a,SP,jaguariuna,46,7.9,0.087,3239.9,745.62
d0d70d21e2234dd7cd3cf63fe414148a,PB,sao bento,8,7.9,0.0,743.3,439.67
7aa4334be125fcdd2ba64b3180029f14,SP,laranjal paulista,212,7.89,0.1368,15778.07,4299.91
c5f7feb04a6a1fb3596322bfc3cf1917,SP,sao caetano do sul,10,7.89,0.1,1868.6,330.3
dbdd0ec73a4817971d962698f2fea022,CE,fortaleza,16,7.89,0.0625,6384.0,1790.8
e2aee0892199b1d92530e371abd825bf,PR,rolandia,35,7.88,0.1429,5570.76,2693.16
411f3b52d857390502ee4e4d5ceabc2d,SP,ribeirao pires,20,7.88,0.15,1734.11,357.18
4aba391bc3b88717ce08eb11e44937b2,BA,arraial d'ajuda (porto seguro),27,7.88,0.1481,7456.78,794.1
55f7a3319d80f7fdf078b8f03e6725fe,SP,osasco,22,7.87,0.0909,3013.78,406.67
014c0679dd340a0e338872e7ec85666a,MG,timoteo,14,7.86,0.1429,7058.0,628.31
a0415d9b25ede3c4b1e477e9916ffc03,RJ,nova iguacu,9,7.86,0.0,3544.2,184.94
f52c2422904463fdd7741f99045fecb6,SP,santo andre/sao paulo,12,7.86,0.0833,567.79,177.01
6ddc28b61be28373b4503a1f61cf98a9,SP,sao paulo,11,7.86,0.0909,1880.9,189.83
8b9d6eec4a7eb7d0f9d579ce0b38324d,RJ,mesquita,45,7.85,0.1778,3984.57,1662.48
acb6c2ca5c82411c1fdb88d5fd5eb95e,SP,sao paulo,10,7.84,0.0,413.88,161.61
c72de06d72748d1a0dfb2125be43ba63,BA,guanambi,21,7.84,0.0,17522.0,1211.18
e9511df20ccd82658a30c37b7fb343af,SP,bauru,22,7.84,0.0,2096.6,726.5
bfd27a966d91cfaafdb25d076585f0da,SP,serra negra,114,7.84,0.0526,19225.0,2636.41
750303a20e9c56b2a6bc45cdce0b897d,GO,goiania,53,7.84,0.0377,7876.0,1288.82
df91910b6a03bb2e3358fa6a35e32f6f,SP,sao paulo,12,7.83,0.0,1873.3,332.61
7a425d299613df3e613bcf9d2eaf5c49,RJ,rio de janeiro,18,7.82,0.0556,1218.8,286.67
376a891762bbdecbc02b4b6adec3fdda,GO,goiania,57,7.82,0.0351,6406.23,1287.4
41b86b552e54e3a7009596125aa8b167,SP,sao paulo,10,7.82,0.0,1595.3,234.61
ebd2d60905fb58271facef5596b620d3,SP,lencois paulista,82,7.82,0.0366,7827.02,1667.21
07bf9669d84d1f11be443a9dd938f698,SP,sao paulo,18,7.81,0.0,1776.0,646.22
20d83f3ef0e6925fd74bfd59170babf7,SP,sao paulo,37,7.81,0.0541,2834.2,651.48
3078096983cf766a32a06257648502d1,SP,scao jose do rio pardo,56,7.81,0.0536,7910.84,1370.25
8b28d096634035667e8263d57ba3368c,SP,sao jose dos campos,137,7.8,0.1168,9040.31,2533.64
ce248b21cb2adc36282ede306b7660e5,SC,jaragua do sul,64,7.8,0.1094,13706.43,1966.88
6c99c983ce3b6ba0ab813e6790e81691,MG,uberlandia,9,7.8,0.0,546.75,205.76
391fc6631aebcf3004804e51b40bcf1e,SP,ibitinga,505,7.8,0.103,39633.27,10015.25
ccb83a794700270fde70898fe9ff368b,SC,sombrio,12,7.79,0.1667,11062.0,1723.73
4c2b230173bb36f9b240f2b8ac11786e,SP,sao paulo,256,7.79,0.1016,14526.0,4375.29
318f287a62ab7ac10b703ac37435a231,SP,sao paulo,51,7.77,0.098,2432.48,1097.04
fbc14c0cf93505ef89f64665ffa4a7b5,SP,serrana,18,7.76,0.0556,12452.82,608.29
8648b1e89e9b349e32d3741b30ec737e,SP,jacarei,91,7.76,0.1099,7071.95,1385.09
5d3bb11474a06bdc23fb9e89f1164ee0,SP,assis,31,7.75,0.0323,3654.6,524.22
bafc5aa11e413978be29040f51342e70,MG,belo horizonte,9,7.74,0.1111,1679.55,149.92
3492e68f37fd1df87f4f2f2ea247f445,SP,salto,8,7.74,0.125,787.86,169.4
679769a98cfcc6da877c8486ff1c13f3,MG,ipatinga,21,7.74,0.0,7029.0,438.39
a1043bafd471dff536d0c462352beb48,MG,ilicinea,699,7.73,0.0572,99307.37,30872.46
da7039f29f90ce5b4846ffc0fcc93beb,SP,santo andre,16,7.72,0.0625,1136.2,225.28
f1fd5ab1181f827ffad998c1a5de7d74,PR,curitiba,15,7.71,0.0,7045.99,831.97
e5475dcab1e07b63d7f6e902d8f5eda8,SP,diadema,19,7.71,0.0526,2192.0,251.22
0ed6ce5d87fd9c69eaacaeb778d67235,SP,americana,42,7.69,0.1429,2026.52,670.78
d23019c84ffae2d5ef2270367b8605fc,PR,londrina,38,7.69,0.0263,29180.19,2694.85
f0b47fbbc6dee9aafe415a6e33051b3f,SP,maua,65,7.68,0.1077,3805.94,1321.03
66922902710d126a0e7d26b0e3805106,MG,belo horizonte,149,7.67,0.0738,14291.3,3223.24
ef506c96320abeedfb894c34db06f478,SP,sao paulo,310,7.67,0.0871,9412.73,5005.7
75d34ebb1bd0bd7dde40dd507b8169c3,BA,salvador,57,7.66,0.1579,12656.33,1313.44
960945e1a9535cbc0cd6ddd35fbe7ae8,SP,sao paulo,27,7.66,0.0,3262.84,471.62
77fccaae319668a8ab6cd0fd16aec48c,RJ,campos dos goytacazes,11,7.65,0.0,1667.0,221.44
a369d693961cb93b61ca2cc518872a85,SP,sao jose do rio preto,11,7.64,0.0,2656.9,651.14
7210cd29727d674c00741e5e387b3ccd,SP,sao paulo,9,7.64,0.1111,729.09,145.09
48162d548f5b1b11b9d29d1e01f75a61,SP,piracicaba,66,7.63,0.0303,20650.09,2078.06
fad44952713764836814be105382aee5,RJ,rio de janeiro,32,7.63,0.0312,5207.0,536.71
457fe919b032a3f7dadba6fb92cf7855,SP,paulinia,9,7.62,0.1111,1104.89,141.22
ccc4bbb5f32a6ab2b7066a4130f114e3,PR,curitiba,183,7.62,0.0765,72745.62,5168.48
e8b4225284fbb02d16f200513f1f395d,SP,novo horizonte,30,7.61,0.1,5638.62,1273.98
e48b04bf1aa1ef711caebeb7aede6180,PR,curitiba,25,7.6,0.0,3187.1,645.63
06e5eefc71ec47ae763c5c6f8db7064f,RS,porto alegre,89,7.6,0.0225,21388.72,2151.56
26d8a1c7c75d513045798992ead43aa2,PR,apucarana,34,7.59,0.0882,5937.13,653.33
596849622429351f47b32e6cae1055ff,SP,mogi das cruses,11,7.59,0.0,1005.0,144.67
1660ad786c27fd935378b6192a90b417,SP,sao bernardo do campo,12,7.58,0.0833,1700.0,262.72
c24173065483e421f9e5e7f599de101d,SP,sao paulo,9,7.57,0.1111,373.91,117.3
8c0de775f52fe41590b376a3b7c50f68,SP,sumare,8,7.56,0.0,594.8,112.72
bb5bd94c8f59cc050072d2930c869cac,SP,sao paulo,15,7.56,0.0667,2613.77,309.54
7c4618c82226628831613e95e9c22f44,SP,sao roque,13,7.55,0.1538,361.91,174.08
31da954dc0855f2495c6310f70a2f931,SP,araras,29,7.55,0.1034,5252.8,483.97
1d8dbc4f32378d715c717c1c1fc57bae,PR,arapongas,89,7.55,0.1011,11153.42,2101.31
abc015ebac1d283a323ca9db35ede4b9,SP,ribeirao preto,12,7.55,0.0,1106.8,222.85
33a6f4b1e7cdc205511e76ba1b6e0186,SP,guarulhos,103,7.54,0.0194,10397.0,1858.6
59fb871bf6f4522a87ba567b42dafecf,SP,sao paulo,123,7.53,0.065,21178.6,2013.58
00fc707aaaad2d31347cf883cd2dfe10,PR,maringa,102,7.53,0.049,12867.8,2330.25
87d30a6a0cbf89356e49324971ab1d24,SP,sao paulo,17,7.52,0.0588,2134.13,215.78
cd3d09fbe6e3e9ff0c0ac0c300e93ae7,SP,nova odessa,12,7.52,0.0833,651.04,229.19
dd533b429f380718b70ad9922c294bae,SP,barretos,36,7.52,0.1389,1886.28,1008.81
0bb738e4d789e63e2267697c42d35a2d,SP,sao roque,28,7.51,0.0357,1979.4,591.7
d29ba1220fb8634fa3a107e54497b8a4,SP,sao carlos,9,7.51,0.0,724.94,182.92
98dac6635aee4995d501a3972e047414,SP,sao paulo,86,7.51,0.093,4226.57,2464.67
3df020b72d3d44b3af9d110fa3940b65,SP,jales,55,7.51,0.1273,5162.8,1790.36
9c068d10aca38e85c50202e17b4a7e88,MS,coxim,16,7.5,0.1875,2951.2,521.97
06bb3a2fe5e7b7a845b13e8fb91bd944,MG,belo horizonte,17,7.49,0.0,1536.19,326.14
f8201cab383e484733266d1906e2fdfa,SC,palhoca,10,7.49,0.2,889.0,255.83
e333046ce6517bd8bb510291d44f0130,SP,ipaussu,68,7.49,0.0588,7342.28,1462.07
1d4587203296c8f4ad134dc286fa6db0,SP,sao paulo,39,7.48,0.0513,2223.0,611.94
179d859f51292aac5c10806a356f7af9,SP,ribeirao pires,18,7.48,0.1667,404.47,395.8
cee48807215b30a12ca2ca10ffb5f250,SP,guaruja,39,7.47,0.1538,7282.13,932.54
5656537e588803a555b8eb41f07a944b,DF,brasilia,170,7.47,0.0765,7912.92,3307.09
b6d44737c043328708f6749c2dbe50bd,SP,santo andre,61,7.47,0.0656,5719.23,1647.04
9d4db00d65d7760644ac0c14edb5fd86,SP,sorocaba,97,7.47,0.0412,9845.71,1509.59
d94a40fd42351c259927028d163af842,MG,baependi,97,7.47,0.0412,13511.69,3282.48
ff4e2d38692ce827b1a4f4b8196e680d,SP,sao paulo,11,7.46,0.0,518.9,150.28
9d39404483343dd55c7ae254494d8388,SP,sao paulo,10,7.45,0.1,293.2,141.08
a8739afb32aaa45e01815ca76f76f54b,SP,sao bernardo do campo,13,7.45,0.0769,298.83,264.73
cd06602b43d8800bd0afad514919d35c,SP,sao paulo,43,7.43,0.0465,2718.11,786.0
f214d28e8d8e3ef068748498ccc2f813,SP,sao paulo,51,7.43,0.0784,2127.44,784.43
845e8036c3f7bf62099352f5ed910240,RJ,rio de janeiro,18,7.43,0.0,1442.8,436.54
4ba52dfeba874da5b9ee7b17c7494f04,SP,mogi das cruzes,11,7.42,0.0909,1463.0,204.91
a3dd39f583bc80bd8c5901c95878921e,BA,salvador,34,7.42,0.0294,4607.81,804.35
53d00c40e32aeb924a84ce72b1af869d,SP,ibitinga,16,7.41,0.25,2057.95,275.2
62c50c1af4dfdc4149d25c5222043d39,SP,sao paulo,12,7.41,0.0,2325.83,281.95
c8417879a15366a17c30af34c798c332,SP,sao paulo,25,7.41,0.12,1810.8,458.19
67bf6941ba2f1fa1d02c375766bc3e53,PR,curitiba,15,7.41,0.1333,5062.0,1257.94
1127b7f2594683f2510f1c2c834a486b,SP,campinas,110,7.41,0.0273,6869.4,1804.22
72c5da29406b4234927b81855e7b64f6,SP,guarulhos,30,7.4,0.0333,11599.7,831.2
d624126b9206f595fb3fbb6ba03b28a8,PR,curitiba,23,7.4,0.0435,7198.8,569.7
e9779976487b77c6d4ac45f75ec7afe9,SP,praia grande,638,7.39,0.0737,42555.66,10063.38
725c32fa80c2faacc4fc88450d27314e,SP,sao paulo,88,7.38,0.0114,7698.89,1313.92
73a63f72308aa20a46f4b1632018f196,PR,curitiba,24,7.38,0.0,7524.9,866.29
dc4a0fc896dc34b0d5bfec8438291c80,SP,ibitinga,215,7.38,0.0698,22797.76,4245.03
a2deecd5398f5df4987110c80a1972a3,SP,sao paulo,13,7.37,0.0,623.81,221.99
acce39e832338debb07b02385cde5967,MG,contagem,43,7.37,0.0,4618.2,1148.88
76d5af76d0271110f9af36c92573f765,SP,sao paulo,126,7.36,0.0952,31799.77,3739.44
cfe94489ddd337d1e29e12f2a7205d10,SP,sao paulo,20,7.35,0.1,2376.0,296.82
08d0949a9a17c027262db1f3c450c26c,PR,cascavel,11,7.35,0.0,309.8,226.43
3d871de0142ce09b7081e2b9d1733cb1,SP,campo limpo paulista,1053,7.35,0.0598,93506.55,22093.19
3c3017960b2dbd72711a61f0400aab8f,SC,jaragua do sul,9,7.34,0.0,878.9,228.72
02c988090b766852e088c69d7fb3b551,SP,americana,12,7.34,0.0,1564.37,206.57
ed4acab38528488b65a9a9c603ff024a,SP,sao paulo,31,7.33,0.0323,12648.46,601.18
40d54b51e962dbe09cabbcfd33298dee,SP,santo andre,29,7.32,0.0,6761.16,536.39
b499c00f28f4b7069ff6550af8c1348a,SP,limeira,143,7.32,0.1329,10324.32,2516.51
30a81d8cf85fb2ada1b1b094c9583a95,SP,sao paulo,17,7.32,0.0,1245.42,168.1
e8dba4d70f7f2b20e775d09cae01142d,SP,santa barbara d oeste,8,7.31,0.125,761.92,154.92
2a84855fd20af891be03bc5924d2b453,MG,belo horizonte,154,7.31,0.0325,15120.0,3281.14
b2a6d334e2833acea353624840e25a0e,SP,sao paulo,25,7.31,0.0,1773.97,401.97
8cc6a0e5738e61a87b03c78b2ba9db4b,MG,andradas,23,7.3,0.087,13272.7,503.9
79ebd9a61bac3eaf882805ed4ecfa12a,PR,cascavel,129,7.3,0.062,14958.94,4037.52
1da3aeb70d7989d1e6d9b0e887f97c23,SP,sao paulo,257,7.29,0.0584,8695.38,4170.21
ceaec5548eefc6e23e6607c5435102e7,SP,sao paulo,197,7.29,0.0609,51426.18,6167.71
0d33a55da925bbf1ff02af5f6059fc7f,SP,sao paulo,21,7.28,0.0476,579.2,381.6
7ea5bfa6c340f58f8e71fc1f0412b0d6,MG,belo horizonte,95,7.28,0.0737,10841.4,1661.56
1336efc61c316ddf92c899eb817f7cae,SP,assis,72,7.28,0.0972,5117.5,1530.51
8b8cfc8305aa441e4239358c9f6f2485,PR,londrina,15,7.27,0.1333,11892.0,1218.7
25cf099de44674fde97473224f9d59ab,SP,cotia,50,7.26,0.04,1654.36,705.19
eed78ac17f7f795a19a709745f00cd4e,SP,botucatu,20,7.26,0.0,4030.4,815.0
41b39e28db005d9731d9d485a83b4c38,SP,santo andre,181,7.26,0.0608,16251.88,3773.98
bce6a5ecf98e99fd2a8868b15c51f04b,SP,guarulhos,14,7.24,0.2143,3464.9,241.6
381c83fdca332ea6afd896da20bf6e4a,PR,curitiba,46,7.24,0.0435,7355.8,999.21
0432ead42b6c8a0bdf68154add917fdf,SP,maua,80,7.24,0.0375,7578.5,1182.47
f4db9b37944bcb8873e6b456ee190bbf,SP,itaquaquecetuba,21,7.23,0.0952,3409.78,500.16
aac51c486b672a9850d59f3e84b1cf88,SP,sao paulo,10,7.23,0.0,728.28,131.29
3dbbce181edfaa4a597ec858c382d2ec,PR,curitiba,17,7.22,0.1176,848.3,440.27
c9aafcd0621b2207c10e32c649cada4d,SP,sao paulo,40,7.22,0.1,2758.16,824.0
343e716476e3748b069f980efbaa294e,SP,campinas,16,7.21,0.0625,876.7,303.03
3c7c4a49ec3c6550809089c6a2ca9370,SP,sao paulo,137,7.21,0.0803,4329.86,1730.09
f44b6f775a2b390380e0e30b5c9d3eee,SP,sao paulo,9,7.2,0.0,2631.0,249.47
e9d99831abad74458942f21e16f33f92,SP,sao paulo,129,7.2,0.1085,4883.49,1989.14
df56d7b40d437f88407c5f78b63bc328,PR,cascavel,22,7.19,0.0455,2791.28,460.22
1cbd50a8c52e6cf8e315c5709fab386f,PR,fazenda rio grande,9,7.18,0.1111,785.97,220.69
6b90f847357d8981edd79a1eb1bf0acb,SP,guarulhos,45,7.17,0.0444,3322.08,737.65
cea729054f157f5870bdd321a958d994,SP,sao paulo,24,7.16,0.0417,2556.89,373.6
bbaff50f3b708fda865918715276cd87,SP,atibaia,11,7.15,0.1818,398.7,189.59
cb3dd9ce66268c7a3ca7241ac70ab58c,SP,sao paulo,48,7.15,0.0625,2788.32,820.35
cfd7ddab722b902f7ac5b5f3ba6d723d,MG,contagem,12,7.14,0.0,3385.03,673.08
1c40343cc5d18c2d8248ac2f3366de34,SP,limeira,20,7.12,0.1,2495.71,377.56
31344c16881c08a8a72c6d2eb29918c1,MG,uba,42,7.12,0.0476,9568.7,2259.08
b080809eaacb49e5ca07290981472431,MG,belo horizonte,11,7.11,0.0,424.0,143.4
fb89df7f89fd1b8f03fa2acca1ba7364,PR,foz do iguacu,22,7.11,0.0909,2220.0,467.43
13fa2a6c6b9d0f43cb588d7c82117a12,SP,sao paulo,9,7.1,0.3333,4528.0,191.44
6edacfd9f9074789dad6d62ba7950b9c,SP,guarulhos,200,7.1,0.06,13002.04,2885.34
7ff588a03c2aeae4fbd23f9ae64b760d,SP,guarulhos,14,7.09,0.0,1182.2,221.18
cc419e0650a3c5ba77189a1882b7556a,SP,santo andre,1649,7.09,0.0612,102235.87,25059.23
33ac3e28642ab8bda860a2f693000e78,SP,cotia,34,7.09,0.0,3771.35,502.62
4e922959ae960d389249c378d1c939f5,SP,jacarei,411,7.08,0.1071,45158.42,7117.67
d566c37fa119d5e66c4e9052e83ee4ea,SP,sao paulo,64,7.08,0.0312,5077.8,939.93
1554a68530182680ad5c8b042c3ab563,MG,monte siao,243,7.07,0.07,28869.76,6521.55
f8db351d8c4c4c22c6835c19a46f01b0,SP,salto,650,7.06,0.0523,50209.79,12435.94
537eb890efff034a88679788b647c564,RJ,rio de janeiro,156,7.03,0.0577,4992.19,2593.2
8a432f4e5b471f8da497d7dc517666e2,SP,presidente prudente,92,7.0,0.0543,7561.7,1950.41
4e8dacf3d38f281ae26c3e0321d92d88,SP,sao paulo,8,7.0,0.125,2055.46,140.58
575df70bde3f9f2b30bf8d2e9910d725,SP,sao jose do rio preto,26,7.0,0.0769,5469.15,726.6
512d298ac2a96d1931b6bd30aa21f61d,RJ,rio de janeiro,10,6.99,0.0,7352.04,304.5
bb7a14e229b1c95156719c3d9552eeee,RJ,rio de janeiro,10,6.99,0.1,2760.2,287.41
4c18691b6037662be2df78a765d98ab5,SP,sao paulo,62,6.99,0.0806,3159.02,1109.82
c8467937e403e76a8ee9f0ab13f6f5ef,MG,pocos de caldas,30,6.97,0.1333,1853.79,588.95
65b081a070633e057c462abdd6fb9dd8,GO,morrinhos,19,6.97,0.0,1885.09,441.58
20cb7c2fde3e5bf10f0bbe7394e1c6a9,PR,andira-pr,31,6.97,0.0968,845.0,780.15
fac1a9017ade7bdc94058fc1c969f355,SP,sao paulo,9,6.97,0.0,2010.84,212.07
0509040ea3fe50071181bbc359eb7738,MG,belo horizonte,87,6.97,0.069,3689.35,1409.9
3c487ae8f8d7542beff5788e2e0aea83,DF,gama,30,6.96,0.0333,9385.7,719.65
31561f325664a8a7aba4c8d0c3a9b3db,SP,sao paulo,36,6.96,0.0278,2776.18,629.74
ad420dd0c4f92f8af951ac24b86d0cf5,MG,fronteira,42,6.96,0.0714,4705.29,913.11
b83cedfb587e7911540e3f576d6917ce,SP,sao paulo,24,6.95,0.0833,2241.85,365.92
f80edd2c5aaa505cc4b0a3b219abf4b8,SP,sao paulo,112,6.95,0.0536,8663.7,2789.42
83deb69e889cf80f82be1dc6d5f2d486,SC,florianopolis,40,6.95,0.05,5363.01,913.64
670a9dda115b5a88b18cfadee8de2332,SP,ribeirao preto,11,6.95,0.0,918.9,183.09
ef2fbc2b607d8492bcffe657a4645434,RJ,rio de janeiro,17,6.95,0.1176,826.1,327.12
f9ec7093df3a7b346b7bcf7864069ca3,SP,sao paulo,8,6.94,0.125,361.2,97.94
5011f0d93373a4c5753adf58ca77af8d,SP,santos,11,6.93,0.0909,859.52,363.67
45d33f715e24d15a6ccf5c17b3a23e3c,SP,sorocaba,53,6.92,0.0755,4650.04,893.18
dc317f341ab0e22f39acbd9dbf9b4a1f,RS,cachoeirinha,54,6.91,0.0556,18738.5,3521.16
bd0389da23d89b726abf911cccc54596,DF,brasilia,86,6.9,0.0814,7412.26,1653.35
1354d51653f645349064725ed204e85e,SP,sao paulo,18,6.9,0.0556,2410.0,284.72
3481aa57cd91f9f9d3fa1fa12d9a3bf7,SP,capivari,25,6.9,0.0,1805.33,779.47
fdb9095204a334cd8872252ffec6f2db,SP,sao paulo,45,6.89,0.0667,8018.0,1110.27
8a9260f2b0340411d6d2a56bcf4f7378,MG,contagem,8,6.89,0.125,1256.0,140.94
f63d8f293af3a6454377546bd9dd19ff,SP,votorantim,17,6.88,0.1176,1751.82,495.13
820cc752a266cdc6c1a1e61dd4583330,PR,maringa,15,6.88,0.1333,2802.8,275.97
46dc3b2cc0980fb8ec44634e21d2718e,RJ,rio de janeiro,500,6.88,0.066,122276.31,11333.31
34d1ca11b242c0fee2c834ae8d788566,MG,congonhas,40,6.86,0.0,13422.24,982.04
0885aaf116795758dfeb5f1032487bcd,SP,ferraz de vasconcelos,25,6.85,0.04,2654.1,513.39
3d2531eccfbde1d7c8db7a3a12fb267a,MG,contagem,10,6.85,0.0,1999.54,213.06
0725b8c0f3f906e58f70cbe76b7c748c,SP,guarulhos,16,6.85,0.375,2330.32,728.69
3ab971ce71839580d2ae5b4e40fe8044,SP,sao paulo,35,6.83,0.0857,4917.0,880.25
ce69a8021d18961dd2a40269b7c2c293,PR,curitiba,18,6.82,0.1111,4718.01,451.89
d379f449f2a3b271bc01c0782020f705,MG,divinopolis,28,6.82,0.0357,4493.96,1096.15
01fd077212124329bac32490e8ef80d9,SP,ribeirao preto / sao paulo,30,6.82,0.0333,1320.0,591.61
f918546be4bec7104d117789ba758b2b,SP,sao paulo,20,6.82,0.2,1483.0,347.15
9b013e03b2ab786505a1d3b5c0756754,SP,vicente de carvalho,169,6.81,0.0592,8861.96,2577.18
058cb5aeb36d7c0fcae20fc85d5e0a59,RJ,rio de janeiro,11,6.81,0.0909,1236.0,747.82
d6b1ce66b035a475f00c017792ff9769,SP,salto,90,6.81,0.0667,12457.4,2032.24
768a86e36ad6aae3d03ee3c6433d61df,SP,sao paulo,16,6.81,0.1875,562.46,167.59
aac29b1b99776be73c3049939652091d,MG,uberlandia,92,6.81,0.0978,6473.78,2541.48
293dee954235e4e4e43f129313625ebe,DF,brasilia,8,6.8,0.0,1778.92,240.3
59cd88080b93f3c18508673122d26169,SP,praia grande,10,6.79,0.2,392.33,175.38
c0098efcf800861dcae589affca31408,SP,ribeirao preto,9,6.79,0.1111,1189.28,187.46
cab85505710c7cb9b720bceb52b01cee,SP,sao paulo,200,6.79,0.025,11095.0,2828.4
7c67e1448b00f6e969d365cea6b010ab,SP,itaquaquecetuba,966,6.78,0.1014,185865.84,50819.94
6eb94e1466490d327a09abf8f3552a50,SP,jundiai,9,6.78,0.1111,1372.95,214.27
32b8764b4ef628b53608fc34011fcc13,SC,lages,36,6.77,0.0833,8969.0,3031.16
cb6c9f5888a7a090c75beaf615925792,ES,vila velha,10,6.77,0.1,749.94,221.24
b9a03475e6447e631b6799ec8274800f,PR,formosa do oeste,10,6.76,0.0,1349.1,294.98
b8bc237ba3788b23da09c0f1f3a3288c,SC,itajai,45,6.75,0.0222,13685.71,1935.45
23c38debaffe4a25a30fdbd9b586a13f,SP,votorantim,40,6.74,0.15,5307.28,804.09
82bd0703a4aefd6b599e5bfdaed378fb,SP,marilia,20,6.74,0.05,2689.28,407.33
5a8e7d5003a1f221f9e1d6e411de7c23,SP,campinas,129,6.74,0.062,10823.89,2548.28
13c2ed7698b3ca92dad49e849219da59,PR,ponta grossa,8,6.74,0.0,498.61,154.68
270297ead4c65a6cd2593960d2af6b21,SP,sao paulo,17,6.74,0.0,9412.6,574.39
165fc07beebdcb6190fba8a06db2a449,PR,maringa,48,6.73,0.125,17526.22,1569.04
8ae520247981aa06bc94abddf5f46d34,SC,navegantes,65,6.72,0.0154,16320.99,1445.35
d03698c2efd04a549382afa6623e27fb,BA,ilheus,18,6.72,0.0556,10046.42,779.36
c864036feaab8c1659f65ea4faebe1da,PR,campo largo,58,6.72,0.0345,10454.2,1845.57
fcb5ace8bcc92f75707dc0f01a27d269,SP,guarulhos,59,6.72,0.0339,8272.14,944.78
198c7ea11960a9844b544d9bcdca860c,MG,jacutinga,25,6.71,0.12,1733.75,491.63
080102cd0a76b09e0dcf55fcacc60e05,MG,belo horizonte,122,6.7,0.041,5667.55,2194.07
538caafddff204241cecbf3a02e6b3cf,SP,sao paulo,8,6.7,0.5,128.4,90.41
2d2322d842118867781fc737e96d59a1,SP,sao paulo,8,6.7,0.125,176.4,104.97
01fdefa7697d26ad920e9e0346d4bd1b,PR,londrina,128,6.7,0.0625,14842.53,2735.32
fa40cc5b934574b62717c68f3d678b6d,SP,sao paulo,301,6.7,0.0631,15823.58,4518.47
382229d1e840115ffe3dbf5ff460e417,RJ,rio de janeiro,44,6.7,0.1136,3997.16,841.91
de722cd6dad950a92b7d4f82673f8833,PE,recife,335,6.7,0.0448,55006.4,9590.93
78c99c6dff4eeae5be99bf635ed21e3f,SP,marilia,31,6.68,0.0968,2150.87,676.46
ccf8813e5a7d6c84d865cd38bfc2b130,SP,taubate,24,6.68,0.0833,2431.5,378.23
1838dd9b8977065acf51d95e0053ea7a,MG,belo horizonte,62,6.68,0.0484,2750.5,1212.79
5160d23075764e18e07c1f4a87fad743,SP,sao bernardo do campo,32,6.67,0.0312,2454.8,486.06
8e2b3afb420011ef0c88c9d5f11ea526,SP,campinas,10,6.65,0.1,1243.6,130.82
2709af9587499e95e803a6498a5a56e9,SP,sao paulo,25,6.64,0.12,1199.46,560.5
ba5daa4041e1f15cdf34b76e3e18a450,SP,sao paulo,15,6.64,0.0,806.8,152.55
cbf09e831b0c11f6f23ffb51004db972,SP,sbc/sp,10,6.64,0.0,1535.2,280.2
c3e1abd72a42fe690fcd89cf5720fe29,SP,mogi guacu,13,6.64,0.0,1798.61,168.97
17ca9b9e9b9ef8fdb529001b49ebb50f,MG,betim,114,6.63,0.0263,9696.78,2363.53
ac3508719a1d8f5b7614b798f70af136,RS,canoas,100,6.63,0.03,12445.24,2967.27
9add47bf45ce8e8c7db6b9cf670b1e09,PR,fazenda rio grande,40,6.62,0.025,4473.64,1079.93
6aa3928696eab49a19a466e665a649fd,RJ,nova iguacu,16,6.62,0.0625,1961.0,305.85
813348c996469b40f2e028d5429d3495,SP,jundiai,172,6.62,0.0523,11103.33,3520.14
6b243f80ed07b10f0e8aa0f21a205f3c,PR,curitiba,78,6.62,0.0385,6298.19,1546.37
eb5b6204dde3a6e03b5f1bb8479f055b,SP,embu guacu,19,6.62,0.0526,452.2,275.13
48436dade18ac8b2bce089ec2a041202,SP,volta redonda,133,6.6,0.0752,11813.2,2836.02
5f26c1408a65b42a7224cd463bdf3292,PR,arapongas,10,6.6,0.0,1139.8,217.29
2199e7fe213c16213bf5d6a7eadc9a5d,SP,registro,24,6.59,0.0417,3767.29,541.81
1b8356dabde1d35e17cef975c3f82730,SP,sao paulo,55,6.59,0.0182,3366.4,970.23
5cf13accae3222c70a9cac40818ae839,MG,patos de minas,146,6.58,0.0342,14401.65,3056.98
10076e5788b8ee532724bcd460baf762,SP,batatais,22,6.58,0.0455,797.48,365.26
c26a2be5b53b7db6b276280da212a779,RJ,nova friburgo,13,6.57,0.0,7482.0,806.85
08084d990eb3f53af056ccbc1730c8a7,SP,sao paulo,11,6.57,0.0,343.4,203.53
42b729f859728f5079499127a9c2ef37,SP,sao paulo,102,6.57,0.0784,4091.06,1286.87
65febd49fd28ec955651299159b1f527,SP,sao paulo,33,6.57,0.0606,4136.71,948.67
257e61d3251fb5efb9daadddbc2cf7ca,PR,apucarana,12,6.56,0.0,7729.0,1077.18
bd697db56ff8e7c9cd1abeb7f72029b2,SP,sao paulo,20,6.56,0.0,2769.8,323.9
138dbe45fc62f1e244378131a6801526,SP,sao paulo,44,6.56,0.0455,1027.06,614.45
eb72802c83dc7547529c9546d1a9b8ef,SP,rio claro,8,6.55,0.0,1063.92,117.71
dbb9b48c841a0e39e21f98e1a6b2ec3e,SP,sao paulo,106,6.54,0.0377,7081.66,1611.82
3d39fbf22a665714baf62fae36029e23,SP,campinas,8,6.52,0.0,2504.2,130.63
cfa5ab0e4d3fc212fd0b3410e7081c62,MG,uba,15,6.51,0.0,4969.71,1148.08
eeb6de78f79159600292e314a77cbd18,SC,lages,82,6.5,0.0366,43510.84,2996.05
21e83881401b92b49fb09a16d3852291,MG,uberlandia,12,6.5,0.0,3109.06,497.03
2a6fbeaa7ab9e5d59a35841a8da71ce4,SC,jaragua do sul,28,6.49,0.0714,1539.79,613.43
c8cc60ffd415254af5d9b9f34f32c369,SP,sorocaba,8,6.48,0.0,722.2,194.03
70c27847eca8195c983ed7e798c56743,RJ,rio de janeiro,76,6.48,0.0921,12133.51,1478.14
f205b1a3ca9a34e0f8a228bae6e4c7b3,RS,cachoeirinha,8,6.46,0.0,1088.0,396.9
3fac58ce0ad699020c7944d53c41329c,SP,sao paulo,8,6.46,0.25,1015.07,149.55
582d4f8675b945722eda7c0cb61ba4c7,SP,bertioga,57,6.46,0.0175,5239.43,1164.14
d91fb3b7d041e83b64a00a3edfb37e4f,SP,praia grande,524,6.44,0.063,39926.39,9058.06
a7f13822ceb966b076af67121f87b063,SP,itaquaquecetuba,73,6.43,0.0685,12017.69,2962.74
25c5c91f63607446a97b143d2d535d31,MG,itauna,153,6.43,0.0719,54584.08,7258.61
4978a02ea9c8be7a9b5480680f40334e,SP,sao paulo,18,6.42,0.0,2382.51,360.83
cc63f0dd2acba93ffed4fe9f8e0321fa,SP,sao jose do rio preto,55,6.42,0.0,7096.71,1399.97
5b179e9e8cc7ab6fd113a46ca584da81,SP,sao paulo,34,6.41,0.0882,5173.5,665.64
fde0cc9ea29c8ccfc0a2c22256a58c71,PR,curitiba,35,6.41,0.0286,3922.0,999.27
412a4720f3e9431b4afa1476a1acddbe,SP,campinas,21,6.4,0.0476,2058.1,511.06
f7720c4fa8e3aba4546301ab80ea1f1b,PR,curitiba,58,6.38,0.0517,2143.6,1308.84
5b85809efd0d0e4dea1a9544e1280ed9,SP,presidente prudente,12,6.38,0.0,1804.6,292.76
3a490ba60afa30ece0e7d50cfe74a4f0,MG,belo horizonte,8,6.38,0.0,1529.2,165.87
4e06067cc08b3f41d837768d392c3ee3,MG,betim,30,6.38,0.0333,934.72,572.25
53243585a1d6dc2643021fd1853d8905,BA,lauro de freitas,348,6.38,0.0431,217940.44,12856.58
3db66a856d18a9cba7c9241fc5221c50,MG,ponte nova,93,6.37,0.1183,9408.4,2025.11
0ef83d7d83ed97cd2a0049ac8be5f88a,PR,curitiba,47,6.37,0.0213,4283.91,1011.72
2eb70248d66e0e3ef83659f71b244378,SP,campinas,186,6.37,0.1398,38980.72,3095.2
89a51f50b8095ea78d5768f34c13a76f,DF,brasilia,10,6.36,0.0,677.16,177.1
3340ef1913fb70d28420f6ceb685c339,PR,maringa,31,6.36,0.0968,6671.55,744.35
688756f717c462a206ad854c5027a64a,SP,guarulhos,75,6.36,0.0933,5985.5,1808.19
2b1a40c1daabc6ca280c4b815c101841,MG,divinopolis,22,6.36,0.0455,12342.6,1833.14
cac876b37d3abcd6bd76caca30277996,PR,cascavel,26,6.35,0.0385,2149.87,700.43
0afccdb8a34ee5c79f7c06faf2b4d56e,MG,uberlandia,24,6.35,0.0833,1185.6,371.49
2138ccb85b11a4ec1e37afbd1c8eda1f,SP,sao paulo,380,6.35,0.0553,11977.08,5904.71
3f8034bfc6b8b4135534975d49f04c63,PR,curitiba,11,6.35,0.0,1273.9,249.03
404e1ba01358af4cd63f679b2c4d1fa1,MG,juiz de fora,8,6.34,0.0,373.9,177.83
1b4c3a6f53068f0b6944d2d005c9fc89,SC,sao ludgero,111,6.34,0.0631,14773.48,3047.84
d7485b33791774c36108f8c69602d48d,PR,curitiba,10,6.34,0.1,579.82,248.83
9e6229250fedbe05838fef417b74e7fb,SP,mirandopolis,71,6.34,0.0423,13043.18,1863.71
53e4c6e0f4312d4d2107a8c9cddf45cd,SP,pedreira,454,6.34,0.0551,29673.89,9740.17
b372ee768ed69e46ca8cdbd267aa7a38,SP,sao jose do rio preto,63,6.34,0.0,12630.0,1183.84
bacb1f0ed56ad24198f5810d2b3fe9a5,SP,jacarei,37,6.33,0.027,5909.15,760.17
c840d3fdbba0790404fdae73d253b253,PR,curitiba,9,6.33,0.0,4522.28,359.65
671585f5a2af58b6e276bc01003c0d2b,PR,curitiba,27,6.33,0.0,1244.0,448.11
0bae85eb84b9fb3bd773911e89288d54,SP,itajai,131,6.33,0.0076,7363.02,2795.05
7722b1df1b0e383e000397b2c11e3e19,SP,sao bernardo do campo,131,6.32,0.0305,7529.86,2125.17
a5cba26a62b8b4d0145b68b841e62e7f,PR,campo mourao,53,6.32,0.0189,14438.84,1346.93
128639473a139ac0f3e5f5ade55873a5,PR,maringa,525,6.31,0.0629,11917.53,9820.24
80e6699fe29150b372a0c8a1ebf7dcc8,PR,pinhais,95,6.3,0.0421,11030.65,2643.4
1acde099eb406aa220b1169b188b42da,SP,sao paulo,9,6.3,0.0,311.1,147.4
c1ed9e3daf6154542826a6996af0fb8c,SC,itajai,8,6.29,0.125,757.5,292.57
6288c69c4ce638e59925e59193f98b16,SP,santo andre,20,6.29,0.05,4196.8,270.21
2b3e4a2a3ea8e01938cabda2a3e5cc79,SP,sao paulo,51,6.28,0.0,22448.2,905.74
e882b2a25a10b9c057cc49695f222c19,RJ,teresopolis,57,6.28,0.0,51057.54,2856.22
83645b1645cdee8953ee54c29ceed564,PR,santa terezinha de itaipu,14,6.27,0.0,978.9,266.2
7dc8c42cc750eeafea6c85712ffee9bf,SP,sao paulo,40,6.26,0.05,6360.68,1024.78
001cca7ae9ae17fb1caed9dfb1094831,ES,cariacica,194,6.25,0.067,24347.13,8621.24
b4ffb71f0cb1b1c3d63fad021ecf93e1,SP,sao paulo,139,6.24,0.0216,6426.97,2458.08
bb135baca94c82fcb731335ad5b04a03,SP,sao paulo,16,6.22,0.0,930.9,429.33
d12c926d74ceff0a90a21184466ce161,SP,sao paulo,74,6.2,0.0135,3760.58,1219.79
55dedd83e501d8248880557d9073cbfd,RJ,rio de janeiro,8,6.2,0.0,1175.3,126.62
b127efdabeffb5d559349c7b172eb75d,SP,sao paulo,8,6.2,0.125,357.3,139.85
870d0118f7a9d85960f29ad89d5d989a,MG,pocos de caldas,43,6.2,0.0465,3052.31,1213.16
334cab711dee080b079fa5779b584783,SP,santo andre,10,6.2,0.0,822.0,293.04
5c243662ce92d84573bfaff24c3e3700,SP,sao paulo,98,6.19,0.0306,32862.02,1775.64
8c16d1f32a54d92897cc437244442e1b,SC,blumenau,107,6.19,0.0093,5607.8,2101.02
3a734b715d333a2588a3d54a0c9b8746,SP,osasco,14,6.19,0.0714,2052.52,319.66
1690cada046eb7e92c12f98b1f8a8167,SP,sao paulo,10,6.19,0.1,1760.0,232.91
6b9b80d53ba3676eafe60268a810b5a1,SP,belo horizonte,9,6.18,0.0,783.7,157.51
5058e8c1e82653974541e83690655b4a,SP,itaquaquecetuba,61,6.17,0.1311,9874.27,3162.81
ae45df84722b1d15c5f32b23a095746c,SP,sao paulo,9,6.17,0.0,901.83,163.66
402916f742e5c740cc751493d9cf5053,MG,guanhaes,9,6.17,0.0,1252.0,226.43
a3a38f4affed601eb87a97788c949667,SC,joinville,248,6.16,0.0484,26297.32,5117.33
6b333a05bf188ef3e1f1662a86bd9855,DF,brasilia,12,6.16,0.0833,3990.91,563.97
b8630e1121437d41cb08e3c749c2c2e2,RJ,duque de caxias,12,6.16,0.1667,6988.0,346.1
9bcdfa7b615b3abb9461d9e3ad9886ae,SC,blumenau,14,6.14,0.0714,2126.07,397.72
1771297ac436903d1dd6b0e9279aa505,SP,guarulhos,28,6.14,0.0357,2881.27,585.16
134a288e7de827ec5ec62e3ec9c3a295,SP,sao paulo,9,6.14,0.0,877.45,126.55
30829ded4523ab9224b93bc49a62c95f,RS,parai,18,6.13,0.0556,6911.71,638.0
bf3c6d2a28b2b5501e6c15448982dcc9,SP,sao paulo,35,6.13,0.0286,3956.5,691.65
aafe36600ce604f205b86b5084d3d767,SC,sao jose,128,6.13,0.0469,9268.4,2429.09
e1dc0754bada9ee4cfe9713f22f61292,RJ,duque de caxias,12,6.12,0.0,885.0,264.78
a17f621c590ea0fab3d5d883e1630ec6,SP,sorocaba,62,6.12,0.0806,3028.39,1109.79
75fbb52eda0cbc24f479d3b2fbfa8d3e,GO,goiania,37,6.12,0.0541,1079.29,884.4
985c92cc412091f8529c12d7f23d3fef,MG,sao joao del rei,12,6.12,0.0833,1368.5,238.13
9646c3513289980f17226a2fc4720dbd,SP,sao jose dos campos,69,6.12,0.029,2964.4,1187.83
8931a84a914b3fe9b1ddaa4d704947ca,SP,sao paulo,29,6.12,0.069,4668.3,424.59
afe0067131b73e40875c9b6c10bd2e21,MG,lagoa da prata,45,6.11,0.0444,5040.5,1111.09
f3c38ab652836d21de61fb8314b69182,SP,sao paulo,15,6.11,0.0667,1581.0,247.59
7ade73f1b9b4e965f9009a4c3a7e2c15,SP,bauru,25,6.1,0.0,1796.3,421.22
dace965ca58120f92f8d742a9fa1864b,SP,sao paulo,8,6.1,0.0,1442.0,131.77
02f623a8eb246f3c5f7c2f96462654e6,SP,botucatu,44,6.1,0.0909,6378.0,829.63
18a349e75d307f4b4cc646a691ed4216,SP,sao paulo,109,6.09,0.0642,7607.91,1926.55
744dac408745240a2c2528fb1b6028f3,PR,colombo,78,6.09,0.0128,22561.6,1918.39
e7df4cd29ab5abab70fb0783ddb53987,SP,sao paulo,23,6.08,0.1739,9677.7,418.55
0c8380b62e38e8a1e6adbeba7eb9688c,MG,tres coracoes,177,6.08,0.0565,17468.86,4086.76
b1fecf4da1fa2689bccffa0121953643,MS,campo grande,19,6.08,0.0,3669.64,397.08
0ff83046c3fa22efee8ecf291888b191,RS,caxias do sul,10,6.07,0.0,768.9,254.48
87d3c3aeb3ead335511b3ce315eb341e,SP,sao paulo,15,6.07,0.0667,749.35,213.71
aae3bfea055532c57fb453ed3ec80b30,SP,santo andre,47,6.07,0.0,3028.93,785.02
db4350fd57ae30082dec7acbaacc17f9,SP,sao paulo,133,6.06,0.0376,3446.3,2128.58
5670f4db5b62c43d542e1b2d56b0cf7c,SP,sao paulo,22,6.06,0.0455,6659.09,593.11
1d29dfba02015238dfbe2449a5eaa361,MG,vicosa,12,6.06,0.0833,612.8,177.12
6f892e20a171e98efe17fdb971ff319b,SP,sao paulo,41,6.05,0.0976,6049.0,857.49
951e8cef368f09bb3f3d03c00ca4702c,SP,ibitinga,61,6.05,0.082,4003.2,1342.95
b90e891671cffd9557f33a97dc523645,PR,sao jose dos pinhais,33,6.05,0.0,4329.0,616.48
6bbcb8924baf70b7fe2fe2097e8cd407,SC,blumenau,10,6.04,0.0,2382.5,264.33
0df3984f9dfb3d49ac6366acbd3bbb85,MG,betim,85,6.04,0.0118,9817.48,1518.95
1fe5540d7c1c37a595fefbacd5570d9e,RJ,paraiba do sul,20,6.04,0.05,4537.6,581.15
5b0cc932433fa5184b5b94bfe6bcc256,SP,ibitinga,12,6.03,0.25,1437.8,556.29
95ec4458365c4d11f452ccf538377619,SP,limeira,26,6.03,0.0385,1919.06,449.89
822166ed1e47908f7cfb49946d03c726,RJ,tres rios,66,6.02,0.0152,3839.74,1723.73
9dd59e43f0c9f0553244e8f9c2fb247e,PR,foz do iguacu,10,6.02,0.1,356.3,151.82
49e7217cfe4e427191c378ec626d8737,MG,formiga,12,6.01,0.0,2868.8,352.09
3c010235b7345c92f125d14ee232a76b,PR,mandirituba,15,6.01,0.0,3578.0,427.32
f789d2c4f2c2eb38fc4373e7a4b35264,MG,juiz de fora,40,5.98,0.05,4544.19,817.91
640e21a7d01df7614a3b4923e990d40c,SP,ibitinga,112,5.97,0.0714,7976.76,2503.96
432c37c9dfba871172ec162e20118b8c,DF,brasilia,44,5.97,0.0909,2679.87,934.93
d921b68bf747894be13a97ae52b0f386,MG,formiga,76,5.97,0.0132,15422.8,1752.28
9de4643a8dbde634fe55621059d92273,SC,joinville,71,5.97,0.0423,17382.35,1695.76
abcd2cb37d46c2c8fb1bf071c859fc5b,MT,cuiaba,43,5.97,0.0465,4774.32,1288.09
e63e8bfa530fb16910dd6956e592bb81,SP,guarulhos,41,5.96,0.0488,1460.49,698.93
c70c1b0d8ca86052f45a432a38b73958,SP,hortolandia,258,5.96,0.0853,36068.51,3871.72
ea65d8b58316a6f2362f2a9e4b3e86ad,SP,campinas,9,5.96,0.0,2061.4,230.82
06df0c10d34e459d9672bc77388742eb,PR,maringa,26,5.95,0.1154,9070.0,525.77
5b67882648febfb6e1225e6ad7164f6b,PR,umuarama,26,5.94,0.0385,6888.49,615.75
5a425cc503b39b262a847fd6212bf53b,PR,londrina,14,5.94,0.0714,1340.6,251.28
bf00385a5f7fc1ef39a13c2e9ee50a5f,SP,sao paulo,28,5.94,0.0,855.4,333.85
cca3071e3e9bb7d12640c9fbe2301306,SP,ibitinga,681,5.94,0.0573,63029.02,14097.14
d1582f4043306e6b91afa6a8a884f898,SP,sao paulo,9,5.93,0.1111,990.0,131.92
2dee2ce60de9709b1a24083217181a1f,MT,sinop,54,5.93,0.0185,7784.5,2060.06
1c68394e931a64f90ea236c5ea590300,PR,sarandi,141,5.93,0.0355,25666.65,3045.59
297d5eccd19fa9a83b2630071ff105e4,PR,curitiba,8,5.92,0.0,834.97,141.76
42ef3192a9ff87a22d1867b74b3ee205,SP,santo andre,23,5.92,0.0,1354.09,301.88
99a54764c341d5dc80b4a8fac4eba3fb,SP,sao paulo,44,5.9,0.2045,3660.16,1370.1
5a6a02f419701fc8c605af71d4fc57a4,SP,americana,10,5.89,0.1,600.5,113.91
6fd52c528dcb38be2eea044946b811f8,SP,sao paulo,67,5.89,0.1343,7743.02,1138.56
594f9aaa48e5bf431f011ddc5669b0d5,MG,contagem,37,5.88,0.027,3248.8,887.61
3d5d0dc7073a299e31fa718ce1bc00b6,RJ,rio de janeiro,21,5.87,0.0952,674.8,352.32
ad273c9eb54ecb4532de4bf75bae9e4e,PR,curitiba,9,5.87,0.0,607.89,169.5
373ee4a3a775a733770ca3f790b8b9ac,RJ,rio de janeiro,13,5.86,0.0769,2141.49,290.32
91f848e9f4be368f4318775aac733370,SP,sao paulo,60,5.86,0.0333,5668.61,1193.88
cd6efc47efaabf134f8bdb654e10b4f1,RJ,rio de janeiro,30,5.85,0.1,4031.55,572.41
3f995f07c49d0d55a99d5c54957f7d81,SP,itapecerica da serra,43,5.85,0.0233,3955.7,671.5
92eb0f42c21942b6552362b9b114707d,SP,sao paulo,329,5.84,0.0821,6364.38,4762.6
610f72e407cdd7caaa2f8167b0163fd8,SP,sao paulo,16,5.83,0.125,13621.16,856.1
3586b8580d9c917874e053a1bb37b5ff,SP,araraquara,36,5.82,0.0278,1524.7,827.65
77e4abfd739aed9c46480f90f81c0eb4,DF,brasilia,18,5.82,0.0,3862.79,406.72
5bffbafbb22daf6d3bfc216a46db8708,RJ,nilopolis,21,5.82,0.0,5239.7,454.5
88cf19ec1fc2c58f161aee259d57142c,SP,sao carlos,14,5.81,0.0,1372.97,234.71
8bdd8e3fd58bafa48af76b2c5fd71974,SP,sao paulo,9,5.81,0.1111,1946.84,162.76
da6a60cc8cc724fe51be021ff8be779c,RJ,sao pedro da aldeia,12,5.81,0.0,728.79,255.79
3d8fa2f5b647373c8620330c4e077a9f,SP,sao paulo,42,5.8,0.0238,3570.64,806.42
e8a85b5f3df47be0984c55fd4064dbb4,DF,brasilia,8,5.8,0.125,743.0,222.99
42fa4ee7240e9b8eb4576358ec142ba7,RS,caxias do sul,22,5.8,0.0,3935.6,542.48
0ddefe3c7a032b91f4e25b9c3a08fca1,SP,sao bernardo do campo,9,5.8,0.0,402.9,150.0
87142160b41353c4e5fca2360caf6f92,RS,porto alegre,303,5.79,0.0561,31148.31,7189.87
b1aaae6b66ad3c40f54b389d7ea4bee0,SP,sao paulo,15,5.79,0.0,1199.4,401.14
4736e9d642ef4257cd7622516931eb51,SP,piracicaba,16,5.78,0.0,1078.87,370.9
054694fa03fe82cec4b7551487331d74,SP,itajobi,20,5.77,0.3,8286.1,660.24
6a8a889bde935bafa76d7848782dfaf9,SP,sao paulo,26,5.77,0.0769,900.81,367.81
3c4e0452bff7a2a788179488d3d77032,PR,colombo,32,5.76,0.0312,3746.4,606.12
d2374cbcbb3ca4ab1086534108cc3ab7,SP,ibitinga,496,5.74,0.0605,19850.75,9270.59
cce6ab8d1682639fe45ab70234f1665f,SP,curitiba,61,5.74,0.0492,2442.7,1136.89
7a2d2949aea47fab95fd98d6c9f618b1,PR,curitiba,11,5.73,0.0,1638.99,211.24
59cea8e446d3834393058e7e0666b6fb,PR,maringa,10,5.73,0.0,696.6,204.54
79ed755314cfe6df0daef2c6cd3022cd,SP,rio claro,23,5.72,0.0,3907.5,459.16
9df5750209b83567ec144eb299d7d634,RS,sao leopoldo,11,5.71,0.0909,4917.0,259.3
014d9a685fd57276679edd00e07089e5,PR,maringa,8,5.7,0.0,519.91,139.72
26af45f5dfd967225a832838aa4e24a3,PR,curitiba,9,5.7,0.0,603.2,175.13
e49c26c3edfa46d227d5121a6b6e4d37,PE,brejao,33,5.68,0.0,3604.45,1127.88
5a05a16bb50629ee31afab8a6d4c2674,RS,caxias do sul,14,5.68,0.0714,794.3,281.18
b39d7fe263ef469605dbb32608aee0af,SP,ibitinga,42,5.67,0.0476,5171.09,1178.76
f7496d659ca9fdaf323c0aae84176632,SP,sao paulo,24,5.65,0.0833,4547.77,760.69
daf565f087a52def0fd5c5825b3661bc,SC,brusque,8,5.64,0.125,764.0,268.62
ca3bd7cd9f149df75950150d010fe4a2,SP,sao paulo,68,5.64,0.0441,9333.37,3351.5
41da412d33e8da4f22baf55cb1bde82c,ES,domingos martins,15,5.63,0.0,862.9,374.16
9c0e69c7bf2619675bbadf47b43f655a,SP,sao jose dos campos,147,5.62,0.1088,33829.2,2886.65
916c9de0b5ad957346eeeb12f332687e,PR,curitiba,22,5.62,0.0,5336.5,477.77
8a32e327fe2c1b3511609d81aaf9f042,SP,sao paulo,124,5.62,0.0323,5931.15,2172.72
d1ef48b38baca7e831711c4a0aeb398f,PR,apucarana,28,5.62,0.1071,1509.03,674.17
c84592044b180dec206770c38603814b,SP,sao paulo,14,5.62,0.0,491.94,209.03
c33a5c3c983090c8b78a28e65052a20d,SC,criciuma,8,5.61,0.0,596.1,146.21
e067ad2c1c0b48758eb1b5228bcf7a68,SP,santos,54,5.61,0.0926,5042.55,1005.36
0691148aee60ca47977c187804f935ae,PR,londrina,46,5.61,0.0217,5694.0,1456.5
0b90b6df587eb83608a64ea8b390cf07,PR,maringa,159,5.58,0.0377,28039.44,3495.93
6c177e38df6d3f34182b1f1d427231bf,PR,curitiba,53,5.58,0.0377,8112.89,1002.16
52d76513f0c4d97f3b99570e2c94ee31,RS,novo hamburgo,18,5.58,0.0556,6803.2,789.96
34f563c82a85b99ae9e6d60db5fc2e28,RS,campo bom,8,5.56,0.0,3682.2,345.5
f5b44895715ddfe3087dc414f30268f3,SP,sorocaba,19,5.55,0.0526,378.8,275.64
8daab2245ebdc277c51098d01c5ad8ef,SP,sao paulo,16,5.55,0.0625,1604.59,284.05
d1b9d4be4b6f9ebd85f8acd6745ba612,MG,nova lima,10,5.55,0.0,1040.2,173.2
60562ab00b8054280520d390c8c0045c,SP,sao paulo,17,5.55,0.0,2943.0,304.09
1a3df491d1c4f1589fc2b934ada68bf2,SC,joinville,160,5.55,0.0562,22472.4,4078.23
63a79f5a7eb5cb48a7e5787b141c7993,MG,patos de minas,11,5.55,0.0,896.8,217.41
05ff92fedb5be47920fea08e501238b9,RS,santo angelo,57,5.54,0.0526,21235.98,1747.89
1cbd32d00d01bb8087a5eb088612fd9c,SP,sp / sp,11,5.54,0.0909,1045.47,244.06
a13580f0e8f782b7a543885a0ef99f08,RJ,rio de janeiro,10,5.54,0.2,1304.9,258.78
58f1a6197ed863543e0136bdedb3fce2,MG,conselheiro lafaiete,42,5.54,0.0238,6634.9,1059.12
ffdd9f82b9a447f6f8d4b91554cc7dd3,PR,curitiba,18,5.53,0.0,2101.2,727.46
66fd84ee7528c0c0de85d0f44a73d5ab,RS,campina das missoes,11,5.53,0.0909,1438.11,453.19
d66c305afaec317ebee552073a674429,MG,ribeirao das neves,37,5.53,0.027,4028.6,1083.07
f5f46307a4d15880ca14fab4ad9dfc9b,SC,rio do sul,9,5.52,0.1111,1422.94,231.38
15fa791d5e017f66402dc28c44480657,SP,sao paulo,8,5.52,0.125,1802.0,181.29
2646baaf662d4d92ac48f047e35db92d,SP,sao paulo,15,5.51,0.1333,1263.05,286.34
49067458c68f7701fd334ce326accbe0,MG,juiz de fora,16,5.51,0.0625,1048.1,566.72
76ea5315acb3f5f7ade3cd261faf922a,SP,sao paulo,15,5.5,0.0667,1261.06,263.63
669ae81880e08f269a64487cfb287169,SC,rio do sul,160,5.5,0.0438,13088.36,3345.46
8cbac7e12637ed9cffa18c7875207478,SC,jaragua do sul,65,5.5,0.0615,3035.97,1614.59
7008613ea464bad5cb9b83456e1e6a8f,SC,canoinhas,123,5.5,0.0488,7538.7,2949.34
e81e1f9c3e762e620f3fb60a51499e16,SC,curitibanos,17,5.48,0.0588,4465.99,513.5
daeb5653dd96c1b11860f72209795012,MG,belo horizonte,38,5.48,0.0789,1864.1,588.89
b64d51f0435e884e8de603b1655155ae,SP,garulhos,17,5.48,0.1765,426.08,369.68
827f8f69dfa529c561901c4f2e0f332f,PR,curitiba,91,5.47,0.0989,3408.39,1595.57
93dc87703c046b603023e75222018b45,MG,belo horizonte,33,5.46,0.0909,8646.35,681.86
81f89e42267213cb94da7ddc301651da,SP,presidente prudente,46,5.46,0.0,4129.0,797.18
44073f8b7e41514de3b7815dd0237f4f,DF,brasilia,142,5.45,0.0352,18421.54,3140.52
33cbbec1e7e1044aaf11d152172c776f,RS,bento goncalves,15,5.45,0.0,730.67,398.83
a5a1bfcf728ab0e19182959cf0771ee4,SP,socorro,19,5.45,0.1053,1713.16,326.91
e0eabded302882513ced4ea3eb0c7059,SP,campinas,8,5.44,0.0,978.4,138.79
83e197e95a1bbabc8c75e883ed016c47,RJ,mage,46,5.44,0.0217,6574.19,961.33
e9bc59e7b60fc3063eb2290deda4cced,PR,maringa,205,5.44,0.1122,33987.34,4650.32
2addf05f476d0637864454e93ba673d5,DF,brasilia,12,5.44,0.0,4552.0,325.64
4677a5437afda5fa7140b927b07be1cc,PR,japira,11,5.43,0.0909,3415.7,420.0
1bb2bdb95f4841f1bba2c0d2cd83d3c9,SP,sao paulo,79,5.42,0.0759,4905.76,1118.17
4a1f694197d05fe70026b016a7316b41,SP,pedreira,13,5.42,0.0769,874.78,351.52
0747d5bb69f0586cc869d8af4c50f93e,RJ,saquarema,12,5.38,0.0833,322.8,181.44
af3ef48d0e13835e529c29ac573c63e5,SP,araraquara,21,5.38,0.0476,1405.63,467.5
4ebdc7e6cd6102a022dadc49156d4ea8,SP,sao paulo,29,5.37,0.0345,989.6,389.68
59417c56835dd8e2e72f91f809cd4092,SP,limeira,18,5.37,0.0,36459.0,1198.77
c89cf7c468a48af70aada384e722f9e2,RJ,petropolis,14,5.36,0.0714,745.0,226.01
a888faf2d1baececa6baf9c3d603ee1f,PR,umuarama,53,5.36,0.1509,17564.8,1107.95
7b7f91e98f8c6def45a1407923304402,SP,osasco,11,5.35,0.0909,417.47,203.02
b76dba6c951ab00dc4edf0a1aa88037e,SP,sao paulo,157,5.34,0.0318,2545.31,2282.03
7ecd59e5e20407131822c1a68ac59c1f,DF,brasilia,24,5.34,0.1667,1466.71,587.81
55a5b51f93f2b70ea513f5a047b0262a,MG,sao joao del rei,38,5.34,0.0789,3967.7,843.53
efcd8d2104f1a05d028af7bad20d974b,SP,aracatuba,42,5.34,0.0238,2339.61,771.13
32fdd5d44ecb43dfd6a24b9369eca144,MG,carmo do cajuru,8,5.34,0.0,479.2,138.68
ea67327e24487bdfac5fbfa37ea124df,SP,ibitinga,30,5.33,0.0333,5942.89,871.02
f0e103c63864d5405b958d984b6e94c9,SP,osasco,11,5.32,0.0,951.7,149.71
f1b93673502375d491780bb49d615dbc,SP,sao jose dos campos,8,5.32,0.25,2638.93,320.35
9449f25aeaf531019b76999ea49a6949,RJ,rio de janeiro,9,5.31,0.2222,1979.55,170.49
3d621842b2ed28e2b474132480edac3c,SP,sao paulo,8,5.3,0.0,873.93,123.21
0ebd97a106433a45a4aebe57c1799778,MG,contagem,29,5.29,0.0,2891.9,585.55
6b536a23086fba0d58c08d68814397f6,RJ,niteroi,18,5.29,0.0556,1996.8,359.74
d98eec89afa3380e14463da2aabaea72,RS,porto alegre,164,5.29,0.0244,6833.56,3126.92
dc8798cbf453b7e0f98745e396cc5616,SP,sao paulo,35,5.29,0.0571,1733.0,525.95
8f119a0aee85c0c8fc534629734e94fd,SP,barueri,75,5.28,0.0533,3798.68,1114.23
8ab42aa58097fd4668d60cc648225d5f,GO,goiania,20,5.26,0.0,2776.75,603.16
5bc24d989e71e93c33e50a7782431b0e,MG,campo do meio,17,5.26,0.0,3148.0,588.53
768de2a4fc06aacecb9a586ccc30746a,DF,brasilia,13,5.25,0.0,442.7,221.01
41b14765bd56c8ad10971074380f9c0c,SP,santo andre,8,5.25,0.0,395.5,119.13
3ca08eeb8d5595949fed424bd3677742,PR,curitiba,13,5.25,0.0,1688.88,449.1
0b18d63d0cd1d723567903fd34a07df2,SP,sp,9,5.23,0.0,1678.14,265.89
659e8466eb3ff1b0e8740d74fb7bbedd,BA,eunapolis,11,5.22,0.0,1486.8,393.2
f67efa3f0b6761102a7f8c6b7b571f5d,PR,curitiba,31,5.22,0.0,5318.17,847.85
7f7b8245c336066a1f9933c359f11d77,SP,mogi mirim,38,5.22,0.0263,2094.36,535.87
1464afc72f696af775557a821c2e253f,RJ,nova friburgo,29,5.21,0.0345,1059.36,454.42
b410bdd36d5db7a65dcd42b7ead933b8,GO,goiania,42,5.2,0.0238,7368.9,950.81
3771c85bac139d2344864ede5d9341e3,SP,sorocaba,26,5.2,0.1538,1433.3,408.96
3bb548e3cb7f70f28e3f11ee9dce0e59,PR,maringa,44,5.2,0.0,7714.91,950.9
f0837c8d71434931d9e38e7b79234797,RS,arvorezinha,22,5.2,0.0455,3446.9,602.46
67225bff54a172ff67579aaf583efd78,PA,marechal candido rondon,8,5.2,0.125,1238.0,155.11
2fdde51ad3e12f297da656d4fbd5d0b5,SC,joinville,9,5.19,0.0,5803.0,551.92
01bcc9d254a0143f0ce9791b960b2a47,GO,uruacu,10,5.19,0.0,1393.21,251.48
6806dad1da97bfb5a9038eac6881f706,PR,guaratuba,10,5.17,0.1,1477.0,306.26
db46ca7bce82b11f7e247539271fc390,RJ,rio de janeiro,15,5.17,0.0,842.26,210.37
96804ea39d96eb908e7c3afdb671bb9e,MG,ibia,37,5.16,0.027,3550.65,748.4
8fdca8e349553f99bc738833a62c8802,SP,sao paulo,22,5.16,0.0455,989.34,380.88
c3cfdc648177fdbbbb35635a37472c53,PR,curitiba,275,5.16,0.0255,43149.38,6059.44
9d7a1d34a5052409006425275ba1c2b4,SP,franca,13,5.15,0.0769,1054.82,277.05
bbf9ad41dca6603e614efcdad7aab8c4,CE,fortaleza,14,5.14,0.0,7846.0,776.26
c31eff8334d6b3047ed34bebd4d62c36,SP,salto,117,5.14,0.1453,12652.63,2319.5
e504a4e2efaa45cbff7e268a2c58c956,SP,sao pedro,9,5.14,0.3333,989.0,203.59
a2fa0bdc798ee84cdb08281337cf4fb6,SC,florianopolis,8,5.11,0.0,354.86,187.11
95f83f51203c626648c875dd41874c7f,MG,borda da mata,45,5.1,0.0444,2842.98,1429.58
213b25e6f54661939f11710a6fddb871,SP,salto,142,5.1,0.0915,15290.4,3298.51
5a93f3ab0ef4c84ed5e1b5dbf23978bc,SP,monteiro lobato,38,5.09,0.0263,2299.28,652.94
3504c0cb71d7fa48d967e0e4c94d59d9,SP,maua,52,5.05,0.0,2303.14,619.67
b5e3e38609125694d2ea2417522a60b7,SC,florianopolis,16,5.04,0.25,995.04,301.14
c878515173c84a492ebe50d6b493230b,PR,itaipulandia,9,5.04,0.2222,1118.84,189.2
3969863bb8af7f72580b3b1ffd3a17b3,SP,sao paulo,12,5.04,0.0,780.05,251.74
094ced053e257ae8cae57205592d6712,SP,ribeirao preto,19,5.03,0.0,1622.1,500.16
6d988d6174a2c27441597174f8905515,PR,maringa,19,5.02,0.1053,405.72,376.03
5cbbd5a299cab112b7bf23862255e43e,PR,pinhais,34,5.02,0.0,2608.73,699.17
1987cd4be10fe09ee50454f9c354d1c6,MG,ouro fino,14,5.01,0.0714,2877.7,257.53
b3f19518fcec265b2e97af287725f981,SP,tanabi,8,5.0,0.0,444.92,124.88
d17f467e4bf608a510c20d82f4ba3b6b,RS,caxias do sul,11,5.0,0.1818,2963.78,507.53
ce27a3cc3c8cc1ea79d11e561e9bebb6,SP,sao paulo,122,5.0,0.0246,9465.45,2154.67
5f7300535881cef3b625fd683cf7d145,RS,canoas,10,5.0,0.0,724.98,190.73
cc3d14116804f7209f3884f6367f1152,PR,curitiba,26,4.98,0.0385,5437.8,577.73
3785b653b1b82de85ab47dd139938091,PR,ampere,21,4.96,0.0,1676.99,498.62
07de60b03d150fb3ea09eab5da5e4c8b,SP,ibitinga,9,4.96,0.1111,759.0,178.75
e7f3bf1ecd8526eb7f3b18059e6716e5,SP,ubatuba,16,4.96,0.0,1282.14,250.88
dfc475d54e1b6dbeeb7d7d9bdaa63827,PR,curitiba,17,4.94,0.0588,1691.47,404.77
fe1bbc5feda5c8979a8a1b3b2512d5a6,MG,arinos,9,4.92,0.1111,724.72,137.53
c273175f7c6c80fb02f051e2fc6d0d72,SP,sao paulo,14,4.91,0.0714,1188.23,255.22
236585a4ddb5fea9fa40233e2249ed91,RS,caxias do sul,11,4.91,0.0909,649.53,188.14
7299e27ed73d2ad986de7f7c77d919fa,MG,araguari,334,4.91,0.0479,34198.75,6836.5
95e03ca3d4146e4011985981aeb959b9,RJ,rio de janeiro,170,4.89,0.0353,11026.17,3201.04
2a5b78b41cd05baeac8df54c6606b92c,MG,formiga,46,4.89,0.0217,15623.28,1042.79
f4a04f7be452aa3bb31760bf00055dd0,SP,santo andre,18,4.89,0.0556,1312.1,241.85
2089a6d640999f9b9141ac719b2af596,SP,sao carlos,41,4.89,0.1463,7741.02,654.21
bc2ac6b95e1accce9858528ee566c17e,SP,campinas,18,4.88,0.0,2045.0,234.56
6cd68b3ed6d59aaa9fece558ad360c0a,MG,belo horizonte,146,4.88,0.0205,11028.87,2501.14
89f69225956f951295ca4c7fb1266553,RJ,vassouras,11,4.85,0.0909,1041.3,277.41
e06f09ec0a4aca210779cf1cfc63cf19,SP,sao paulo,29,4.85,0.069,5279.49,621.92
9d681c7e12db302cb261e721040dde65,PR,curitiba,13,4.84,0.0,785.6,273.08
3361277dc30b7cccdb0c286b24219756,PR,maringa,29,4.84,0.069,3905.05,635.85
36a968b544695394e4e9d7572688598f,SP,santos,147,4.84,0.0476,6877.58,2067.01
aaed1309374718fdd995ee4c58c9dfcd,SC,timbo,103,4.83,0.0291,9158.25,2293.74
5c853bb56f70f4d14218944bae111d7a,SP,cotia,21,4.83,0.0,326.24,257.88
f3b80352b986ab4d1057a4b724be19d0,DF,brasilia,86,4.82,0.0,9815.1,2126.26
02f5837340d7eb4f653d676c7256523a,PR,curitiba,30,4.81,0.0333,3883.05,580.83
520b493b57809f446cb0a233bb3e25c7,SP,santos,62,4.81,0.0323,3680.9,1060.9
cb5df0dcb9e280b1780e9d589889f2c7,SP,bady bassitt,11,4.8,0.1818,1614.88,453.92
c2d70ce2c5d0a2eb75e78668236e6dc8,SP,sao paulo,13,4.8,0.0,2470.9,229.02
df560393f3a51e74553ab94004ba5c87,PR,loanda,26,4.8,0.0769,3429.78,570.11
7357b52d27cbaa90f81a96cbc1279396,MG,lagoa santa,12,4.8,0.0833,1328.02,217.81
d8c7ba53e7e38711eaef8c2849d6d2e1,PR,floresta,21,4.79,0.0,1160.88,581.58
cb8bcce248bb1fb274ba762d8b971456,MG,santa rita do sapucai,66,4.79,0.0152,9532.34,1223.29
e83c76265fc54bf41eac728805e4da77,SP,aracatuba,8,4.78,0.125,237.3,99.19
8f78f0903005064036736c7173a5c2ed,MG,tiradentes,13,4.78,0.0769,2113.7,632.25
54065e9aef7e9e9c2dc23b7594db021a,RJ,rio de janeiro,12,4.77,0.0,7079.0,242.78
508808d438fe2ff972ed13bb8f4a82e2,SP,sao paulo,8,4.76,0.0,190.85,88.3
b16d3dadc47d4eb18be3d88bad0775ce,RS,estancia velha,10,4.75,0.1,722.1,178.44
cc5a78bbad32776dc4e3af205218368c,MG,divinopolis,32,4.73,0.0312,4412.57,1322.73
37be5a7c751166fbc5f8ccba4119e043,SP,sao paulo,269,4.73,0.026,54735.55,6021.21
33a17d60c64393351ebf1ef860f4e0f2,RS,porto alegre,42,4.73,0.0238,8001.51,1279.18
516e7738bd8f735ac19a010ee5450d8d,RJ,rio de janeiro,72,4.71,0.0556,6394.39,1421.05
05a940b4ecae36cadfd8e93bd9c43257,GO,goiania,9,4.71,0.0,695.1,169.0
431050a06a317f2b38168dec3dcd2b46,SP,sao paulo,10,4.7,0.0,1370.0,206.15
5b33b527da3c5b969cc99dc435cad09a,PR,paranavai,16,4.7,0.0625,1872.79,365.55
5debea795b07621e1f90532e18f96145,PR,apucarana,25,4.69,0.0,1883.78,504.35
609e1a9a6c2539919b8205cf7c4e6ff0,SC,brusque,80,4.68,0.025,6344.52,2593.51
1b8b75e227c9a9c100d0c210fb6176ce,SP,sao paulo,15,4.67,0.0667,1444.87,203.62
6d22a1fcebb6dd08c9cd90b92a93e8d0,SC,joinville,12,4.65,0.0,753.6,234.33
5f1dc28029d2c244352a68107ec2b542,SP,sao paulo,60,4.64,0.0667,2704.4,973.89
01cf7e3d21494c41fb86034f2e714fa1,PR,francisco beltrao,59,4.63,0.0508,9439.56,1964.45
4917cee8d902e13428c3ec4b1ca6f315,SC,blumenau,31,4.63,0.0323,5103.9,1074.44
6c12e40690c335dbc2f68a4134d30dc1,PR,castro,16,4.61,0.0,9139.2,485.06
6b15924333bd1a741595fe981ea04822,SP,sao caetano do sul,21,4.61,0.0952,639.22,246.06
8e6cc767478edae941d9bd9eb778d77a,MG,araguari,99,4.57,0.0808,5783.45,2079.16
7fc87cc3e89b3d1d5cabdca32f8485aa,SP,guarulhos,14,4.55,0.2857,2153.9,681.92
6562efe88ce0826a4ca4f189f03b4b84,PR,maringa,8,4.54,0.125,1076.0,282.32
6b89abe95848c850399130d149a39b63,GO,piracanjuba,8,4.54,0.0,1135.2,330.53
4b5f66b7adcf57f1ecc0d3c07dd6b177,PR,vendas@creditparts.com.br,21,4.54,0.0476,5715.28,641.2
113e3a788b935f48aad63e1c41dac1bd,SP,aparecida,39,4.51,0.0513,847.35,686.6
14a08204d03bb6b6bde8029f801ae0eb,SP,sao paulo,28,4.49,0.0,2315.3,620.38
066a6914e1ebf3ea95a216c73a986b91,PR,foz do iguacu,65,4.49,0.0308,8995.29,1664.75
b4f8921fcc4ff77b66bea6dda43dcd51,RS,caxias do sul,17,4.49,0.0588,10945.16,1440.37
2d518637f53161b973e01f56ea4bb88e,SP,sao paulo,13,4.49,0.0,1219.89,319.81
542917da124346b47ea1ac79a93ce454,PR,curitiba,20,4.48,0.05,1323.8,368.08
33d677f27a69b84051204ee4ae76eaca,SC,joinville,9,4.47,0.0,165.0,173.49
240b9776d844d37535668549a396af32,RJ,niteroi,35,4.47,0.0571,13332.09,839.56
33c51922b6e3c16b24a8f28e5833c99d,PR,londrina,18,4.46,0.0556,6657.87,368.01
adcf50477d6a1f5d91bb9d54c4903cb5,MG,claudio,16,4.45,0.1875,981.86,615.77
beadbee30901a7f61d031b6b686095ad,SP,guarulhos,63,4.44,0.254,4338.98,920.76
f9244d45189d3a3605499abddeade7d5,SP,sao paulo,20,4.41,0.0,15081.44,820.72
6426d21aca402a131fc0a5d0960a3c90,SP,ribeirao preto,23,4.41,0.0435,1209.64,384.18
94144541854e298c2d976cb893b81343,RS,viamao,68,4.4,0.0441,17286.28,1429.37
42bde9fef835393bb8a8849cb6b7f245,DF,brasilia,34,4.4,0.0294,7574.0,767.37
e256a62e0ac58c0edfba09966142d561,PR,curitiba,12,4.4,0.0,1474.11,335.44
38e679b9e0064cd94c6f035707344dae,PR,londrina,27,4.4,0.037,3644.15,692.47
86ccac0b835037332a596a33b6949ee1,SC,blumenau,170,4.39,0.0353,15637.5,3799.81
229c3efbfb0ea2058de4ccdfbc3d784a,MG,belo horizonte,118,4.38,0.0169,15479.0,2300.71
25e47381a6c510ddeb36084e33b89f0c,SP,praia grande,16,4.38,0.0,1289.6,282.11
94e93ce877be27a515118dbfd2c2be41,SP,votuporanga,29,4.38,0.0,5436.58,853.46
f4aba7c0bca51484c30ab7bdc34bcdd1,SP,sao paulo,107,4.38,0.0654,2917.0,1511.38
c5f7e746b7e6d07def6c0dae9903279b,PR,curitiba,9,4.36,0.0,1380.0,213.48
a36ac007a4d18f865c8d32c3b2402c2d,SP,barueri,8,4.36,0.0,1229.79,161.17
c679fb69a36e1d8349e8c50a217b4d58,RS,caxias do sul,14,4.34,0.1429,1910.48,415.34
ade45994b717ccee333492330fbf037b,PR,umuarama,10,4.32,0.0,7196.0,283.63
f12d3c2a14729ae461b920c11fe20fdc,SP,santo andre,9,4.31,0.0,364.45,94.87
577719699805dd125d5b6fdde5943bba,RS,nova petropolis,8,4.31,0.125,1077.8,209.56
a478c7961d6a992065b24e63b366f90b,SC,blumenau,8,4.3,0.0,1281.5,170.06
b335c59ab742f751a85db9c411a86739,MG,araguari,30,4.29,0.0333,2640.01,635.03
d9442042130b7fe579d1295f9f4a248f,SP,sao paulo,19,4.29,0.0526,772.16,338.88
a23266650e7c84bb93fbbba502137478,RS,porto alegre,11,4.29,0.0,1512.4,279.04
8ed8ea9a57c862f2c18c2fe41f601d56,SC,blumenau,19,4.27,0.0,3831.9,731.07
b2eecf5ea250510da76590ca79d60e5d,SP,sao paulo,9,4.24,0.0,1060.0,153.15
718539d38d07dd351c76db862760e2e2,SP,campinas,34,4.23,0.0,1173.11,599.69
18e694e0e48ed6f7aa3f24aade5fd697,SP,varzea paulista,31,4.23,0.0323,701.54,504.23
530ec6109d11eaaf87999465c6afee01,PR,cascavel,94,4.23,0.0106,12682.11,2597.05
dfa0c4c6229ab200a4a1336b4d7128ff,SC,florianopolis,74,4.23,0.0405,4970.0,1716.62
dbc22125167c298ef99da25668e1011f,MG,borda da mata,390,4.23,0.0256,33093.03,7922.92
7e26c750b4cb9f6766f58265ff9ebe95,MG,belo horizonte,23,4.23,0.0,1344.3,388.88
5075aaa8404020ae6aa8bf4792099b41,MG,pocos de caldas,10,4.21,0.0,1572.88,299.27
f00e21b1e91a79653163b7fd8f293ff1,SP,andradas,31,4.21,0.0323,3900.09,570.97
1ce3ae5a399804d1a87e706f8a813c3e,SC,jaguaruna,37,4.19,0.1081,2498.19,816.29
7c5b05cbdb5542049f38d90d7815b97d,SP,sao paulo,21,4.19,0.0476,993.97,298.92
7a241947449cc45dbfda4f9d0798d9d0,MG,jacutinga,55,4.18,0.0727,7305.66,1852.05
272f092de69afedd4d2969440b37f18f,SP,sao paulo,25,4.18,0.0,1856.13,540.48
9d5a9018aee56acb367ba9c3f05d1d6a,GO,aparecida de goiania,65,4.16,0.0154,10056.65,1668.05
cb9fb4ca75d7ba8437480e8dde64fe98,SP,sao paulo,10,4.16,0.0,592.14,181.26
0eaa7e33d73809f1f925f7d07c506cbd,SP,santo andre,15,4.15,0.0,1552.0,194.9
07017df32dc5f2f1d2801e579548d620,PB,joao pessoa,8,4.15,0.0,946.49,181.75
1caf283236cd69af44cbc09a0a1e7d32,RJ,nova iguacu,33,4.14,0.0909,917.6,612.65
b1a81260566c1bac3114a6d124413f27,RS,carazinho,49,4.13,0.0204,8294.89,1493.31
2be17df1c49978426251562096c3cc09,SC,tubarao,16,4.13,0.0625,2183.95,323.06
f615fe7efbef0f4f08fd3086bc7a3e60,SP,atibaia,21,4.11,0.0952,2296.25,387.37
51e4e89242cbb846c2deff3dc015650e,RS,rio grande,16,4.09,0.0,822.58,353.17
a06c8ff043abea0528ee44171e2140a2,MG,divinopolis,8,4.09,0.0,514.5,92.43
e26901d5ab434ce92fd9b5c256820a4e,SP,maua,196,4.09,0.0255,11568.6,2871.07
26785a546900236d66f2e4197c211158,SP,sao paulo,15,4.09,0.0,1019.2,225.45
2e3be8a987a30d7544dbbda6861cc14e,MG,belo horizonte,14,4.08,0.0714,2472.86,278.05
9198786624eaeb375793215cad26cfa6,SC,rodeio,8,4.08,0.0,854.4,198.3
c33847515fa6305ce6feb1e818569f13,SC,brusque,110,4.06,0.0455,15206.73,4290.74
e8b3a3a38279a82f0e5d006d5e5b7d2c,PR,jussara,79,4.05,0.0506,11662.5,1627.26
141440cad9341e553f8401c574a2aa38,PR,pitanga,11,4.05,0.0,1288.2,290.8
57e632711dec9ec14ca7546769483e7e,SC,navegantes,61,4.03,0.0,6460.06,1201.29
3f0e48d209018b466fcd3bb4ccfeb520,PR,curitiba,9,4.01,0.0,5399.0,255.8
5882820ef11c4c068eea0677a7a879b4,RS,caxias do sul,14,4.01,0.0714,9925.5,739.31
b55638ad525e906c698fa2ce742c1742,SC,imbituba,11,4.0,0.1818,1094.8,290.87
7178f9f4dd81dcef02f62acdf8151e01,SC,videira,202,3.99,0.0495,36795.4,4385.04
e627629ba868740e287800f1a9be81c2,SP,sao paulo,11,3.96,0.0,466.1,132.49
85d9eb9ddc5d00ca9336a2219c97bb13,MG,belo horizonte,499,3.96,0.0361,15156.0,8485.31
f97e2b0650c2068227e1d366140eb62f,SP,santo antonio de posse,16,3.96,0.0625,3654.0,1011.98
bf100ecb7997df312b285358fb32f92c,PR,sao jose dos pinhais,20,3.93,0.0,1991.9,345.11
1996942dc085d7773ba77a529b163cd0,SP,pradopolis,9,3.92,0.0,2572.52,281.17
fa1a9dec3a9940c072684a46728bf1fc,SC,icara,53,3.92,0.0,6681.09,1203.93
1dcfa3835714681d4ba4a93bc1e0fd41,SP,birigui,12,3.91,0.0,1186.6,296.88
0ea22c1cfbdc755f86b9b54b39c16043,MG,sete lagoas,225,3.91,0.0178,10348.88,4251.37
e6a69c4a27dfdd98ffe5aa757ad744bc,SP,sao paulo,20,3.9,0.0,495.67,262.12
7bcd7c5f8631701474db233ccf1c094b,SP,sao paulo,8,3.9,0.125,419.0,132.04
de0c78824586e9a5f5f04fd84e25df39,SP,vargem grande paulista,14,3.89,0.0,2623.29,241.67
d354c38a7182125a748cb10474fe963b,RJ,aperibe,17,3.88,0.0588,1500.34,293.37
d3674f271c91f824f82d24d92011f669,DF,brasilia,20,3.88,0.1,1718.3,383.52
ddd51ae8cda92f3995a51fc0f0f3eec7,RJ,rio de janeiro,8,3.88,0.0,842.7,276.92
f41ce2e25237f9092cd8e6e7516c7a2f,SP,guarulhos,26,3.88,0.0,1961.9,323.92
f4c4daa86e30c7e5a553a8d518ac03a5,PR,cascavel,18,3.88,0.0556,5984.31,340.19
2f4b0d3b9634b647d4edee577d7ebb7e,SP,sao paulo,10,3.86,0.0,337.9,84.41
710e3548e02bc1d2831dfc4f1b5b14d4,PR,rolandia,130,3.86,0.0462,22395.24,3750.74
e21a1e8be4715b0fcfd5385643bc49c4,SC,jaguaruna,20,3.86,0.0,893.6,469.56
c731d18cea9bf687ffee82a241c25b11,SC,concordia,22,3.85,0.0,3429.99,632.33
4c03b9dd4c11ee2cb35c96c49efc9420,SP,campo limpo paulista,47,3.85,0.0213,6403.1,835.02
325f3178fb58e2a9778334621eecdbf9,SP,taboao da serra,34,3.84,0.0,1097.48,476.44
48fb026ed7455a42f5d3e9390ed5088e,RJ,barra mansa,8,3.82,0.0,416.83,164.08
ea00f977a203ff88adf7057cb7806998,SP,santos,18,3.82,0.1111,381.73,176.29
916748bc99315c2d202898ae58b1617e,SP,sorocaba,25,3.82,0.0,369.4,377.11
89de2d6f23e9746ff309705b23581faa,PR,londrina,8,3.78,0.0,340.0,160.08
4da0e408c99d2fdc2126dc9fce518060,PR,cornelio procopio,44,3.77,0.0,3089.92,954.55
888faa8bfb0b159c37de6d898b961c31,SC,braco do norte,17,3.76,0.0,1890.6,524.16
dd2bdf855a9172734fbc3744021ae9b9,MG,belo horizonte,105,3.76,0.0571,10607.0,1992.01
6f83d9e4da896daae20b9b6b2d3ff8d2,PR,pinhalao,11,3.75,0.0,963.19,254.37
455c5640e8c5bd1b2ee85c0158f85727,SC,luiz alves,8,3.74,0.0,6729.5,457.39
062ce95fa2ad4dfaedfc79260130565f,RS,lajeado,52,3.73,0.0385,7389.3,1157.17
f435898e493ba0356019a0b1cb8b55b1,PR,curitiba,9,3.72,0.0,593.76,201.8
817f85dbb65aa3e70831d90fe75cdf89,SP,tiete,11,3.71,0.0,1552.27,231.62
6338ea67c41078a46ad99cc009654956,RS,farroupilha,36,3.71,0.0,2276.1,916.93
b6dc74ed30f124f95227bed4e43a3bed,PR,arapongas,9,3.7,0.1111,387.56,164.33
f1ed6bd0a9b11b581f16c851c6a5a527,RS,porto alegre,17,3.69,0.0588,1622.77,373.81
2d42ebcda99fd55f6f4bc2f1ca035d50,GO,uruacu,10,3.69,0.0,921.5,282.47
d101c6da914ae3d53f7bee42283f2fe2,SP,sao paulo,13,3.68,0.0769,1297.4,260.15
9c690ceacd5c66731bf443ea810195cb,MG,camanducaia,10,3.68,0.0,871.8,249.22
2059c39f76271d4ca3f15b5ffaccc8b8,PR,curitiba,12,3.67,0.0,604.9,186.39
9616352088dcf83a7c06637f4ebf1c80,PR,umuarama,91,3.67,0.0,5643.1,1766.7
63ffcb71394dd8ea3872ed9ffda17c74,RJ,itaborai,17,3.66,0.0588,399.0,264.72
b8578d2d823bd8e251f6fdd02b40902d,SC,blumenau,9,3.64,0.0,1304.6,256.13
a2e874074c877c5a05abae80ad6e488f,SP,sao jose do rio preto,40,3.64,0.05,7355.0,1105.34
93b9a99027bd8bd6af682aff18dd19bf,SP,mairipora,18,3.62,0.0,1850.0,439.93
b1ac6ea7895bc3dd6f0f6f4abbdd2821,RS,canoas,38,3.62,0.0,2962.0,772.36
89bc797e2e29667aa035d4368f9b7f92,SP,sao paulo,16,3.61,0.1875,392.4,238.04
7fdb0720c8d7c9075538b365dc8c3a22,PR,toledo,8,3.6,0.125,1766.9,461.45
3092c0b297aacfb4bb6e056ebe13b9b8,SP,aruja,14,3.6,0.0,954.5,288.38
638cba8be1fb599bbb76fd6948351eb3,SP,sao jose dos campos,16,3.59,0.0,535.4,268.27
ef30892870c278497523264be1be2241,SP,araraquara,9,3.57,0.0,783.2,109.34
d25aa0aaacb370e912f8cf6efeba38b3,SC,massaranduba,16,3.57,0.0625,2495.75,693.7
e601b04acf48b4576e73ddca9481f0dc,SP,sao paulo,14,3.57,0.0,442.04,196.89
4e17c65a516f69d023a2ae78b84f28d6,SP,suzano,61,3.56,0.0656,7639.26,1155.54
a425f92c199eb576938df686728acd20,PR,curitiba,16,3.56,0.0,1106.3,293.39
6df688df543f90e9b38f4319e75a9d88,MG,belo horizonte,39,3.54,0.0,1891.76,769.44
33576ec5412fb5905d876f12f33bfde6,PR,curitiba,31,3.54,0.0323,2718.0,569.98
9803a40e82e45418ab7fb84091af5231,GO,rio verde,11,3.48,0.0,4278.75,512.63
612170e34b97004b3ba37eae81836b4c,RS,novo hamburgo,107,3.46,0.0187,23184.52,2314.46
82cb9f452fe8334df74b22d37824b431,RS,caxias do sul,14,3.44,0.0,858.2,346.75
12b9676b00f60f3b700e83af21824c0e,RS,montenegro,133,3.41,0.015,26376.0,3525.67
8d46553a36e68f95350a200c12f8f2e2,SP,campinas,9,3.4,0.0,660.0,157.21
9a84ba99f5367fdbd4598363496f1ea2,GO,luziania,15,3.39,0.0,2223.38,415.07
557f22c76691849db52d2abccf0015d0,GO,morrinhos,12,3.39,0.0,799.87,308.67
c9a06ece156bb057372c68718ec8909b,DF,brasilia,11,3.38,0.0,3849.0,432.96
8603f0038fe0e52fedd3382d266723de,SC,garopaba,10,3.38,0.0,2355.0,490.12
7b98de631987e26dd6d803490c43a13c,PR,loanda,8,3.35,0.0,634.2,144.43
c7a0a13cbcf29d5ce51c8f80afdc0b89,SC,laurentino,8,3.34,0.0,483.08,174.72
1e483cc5c76fef08d3ca05f9a8af7d01,SP,sao paulo,9,3.34,0.0,166.09,102.28
034b9387752bfa309f350a70cd45ffa3,SC,blumenau,8,3.3,0.0,96.0,144.26
27a56ff04b34c2ba34ce6ba4d3b9d616,SP,campinas,8,3.28,0.125,349.29,102.98
5b51032eddd242adc84c38acab88f23d,MG,borda da mata,11,3.27,0.0,2512.0,231.53
f9903dd0f812c7e771fcad47b6fff231,SC,blumenau,9,3.27,0.0,1811.86,410.53
5b664594895aefb418afaee6d40a9a23,RJ,petropolis,15,3.23,0.0,892.1,219.87
9baf5cb77970f539089d09a38bcec5c3,SP,indaiatuba,31,3.21,0.0,5989.68,531.66
a1544b9ea0b2390e020537d4daa89049,SP,jundiai,8,3.08,0.0,841.2,107.33
a5259c149128e82c9d6d46e0c1c812bb,RO,ji parana,8,3.08,0.0,1182.26,438.87
d1c7fa84e48cfa21a0e595167c1c500e,RS,jacutinga,12,3.05,0.0,1197.5,360.4
3d0cd21d41671c46f82cd11176bf7277,SC,joinville,8,2.89,0.0,364.0,169.46
d4e4b5192cba4e0e66eb12a9d347239d,PR,toledo,11,2.88,0.0,431.9,193.5
b92e3c8f9738272ff7c59e111e108d7c,MG,uba,59,2.85,0.0339,7881.39,2311.55
fc906263ca5083d09dce42fe02247800,MG,belo horizonte,112,2.8,0.0,4437.8,1874.84
ea6b12bf9ffe2bac34602ec631d97a47,SP,guarulhos,9,2.78,0.0,1047.3,154.89
d94ba08b99bedd6a5f6c875ecc4a6fac,PR,apucarana,8,2.76,0.0,539.1,161.6
de9727ca376d1be6ec121b110aa7954c,PR,sarandi,8,2.68,0.125,928.9,172.25
039b29ff3b3473435d0cd59040575de9,SP,ribeirao pires,9,2.56,0.0,114.9,100.65
8444e55c1f13cd5c179851e5ca5ebd00,MG,congonhal,91,2.51,0.0659,21666.95,1984.5
41ab63a91b8b264e8c8780368bf1dd5b,MG,belo horizonte,12,2.5,0.0,2871.65,341.87
525e75a6fb1454a2325ab1734bcec221,SP,barueri,9,2.48,0.0,607.17,112.22
579891617139df7d8671d373f0669622,RJ,rio de janeiro,8,2.45,0.25,280.3,128.2
ce616e1913288884e7742faac9d981db,SP,cotia,13,2.39,0.0769,303.7,242.24
e88c9b79e592e370d6bd852eeefbf057,PR,pato branco,8,2.35,0.0,251.87,142.11
c6381d2d013342748761e906d45aff76,RS,portao,15,2.27,0.0,2042.98,571.28
70b52a4cfc823994561b00bad161b4ed,SP,sao paulo,8,2.16,0.0,585.0,100.35
41c2bad7229b0c25e6becf179ebf63ff,RN,natal,20,2.08,0.0,782.0,189.92
48efc9d94a9834137efd9ea76b065a38,PR,curitiba,33,1.92,0.0,345.6,320.4
ecccfa2bb93b34a3bf033cc5d1dcdc69,PR,curitiba,12,1.91,0.1667,1120.85,212.47
ffff564a4f9085cd26170f4732393726,SP,campinas,8,1.35,0.0,359.0,115.35
